Song Title,Lyrics
Slava-kpss-freeriotypeintro-rzt-30-diss-lyrics,"Ай, ха-тьфуЯ переплюнул твой флоуИнтересно, двадцать три балла поставит этому релизу Флом?Номер уно текстовик в России, как DVRST фонкМой рэп берёт твой рэп и его ебёт в рот Бро, я сейчас серьезно Мой прошлый альбом уже классическая прозаМой прошлый альбом – живая классика, как УэльбэкКак Бабангида «Макаревич» и Смоки Мо «Кара-Тэ»Столько лет ебашу, но для многих невидимка рэпа Невидимка: я ебу их в рот – они не видят это Мой альбом не в топ один за год – эт не рэп СМИ И вы не критики, а составители списка хуйни «Россия34» – народный кандидат Я могу в любой стилёк – я универсальный солдатДропнул где-то сто треков за год – я только расчитался Мне даётся это так легко, будто играл с читами На бесконечный талант и бесконечный свэг Я не забираю год, передумал, я забираю векМой альбом такая имба, что его надо нёрфить Выкинул два сильных трэка, чтоб не разъебало жёстче You might also likeСобрал клуб, где выступал Егор, я Антихайп, деткаДа, я лега уровня ГО, пора признать этоУ меня лежит где-то альбом слишком жёсткого рэпаВсе лейблы сказали: «Простите, мы не можем издать это!»То, что я хочу сделать с собой – петь незаконно это Меньше лямчика на стримах? Биф? Мне неинтересноСначала сделай шума, а пока диссь безответно Я лента для пулемёта панчей – ты для бедных Мой вариант, я съем тебя на ужин – Полифем я Будешь так базарить – зубы заберёт не фея На мне мифические вещи – древнегреческая схема Я с рождения G.O.A.T. – меня вскормила Амалфея Чё-то слабо ёбнул, но я не хотел сильнее Не буду диссить в крысу, пацаны, it's not «Imperial»Бро, я дропал на Луне, отсюда эти кратеры Я лучший рэп в стране – вот откуда этот пафос весьАйПросто записываю бары, но все МС ахуели, будто я – фиток Билана JEEMBO и Scally Milano под продакшн Чипинкоса На тайп Лазерного Димы, в клипе снялся мёртвый Toxi$Стиль весомый, будто сделал гравитацию х5 Пацаны на этих блоках поднялись, будто Фиксай Гонорарам скоро в школу – они стали совсем большими Я за творчество без риса, так что я беру сашими Чё, сука? Чё, сука? Чё, сука?Ничё не меняется с годами – это день сурка Когда дропал «Солнце мёртвых», все и его говнили Но я Антихайп не чтобы делать то, к чему привыкли «Мы подняли русский рэп», – я про кого? Я тут один!Оппы умирают в ГТА РП – я тут админОбещался без конфликтов, но снова нарамсилЩа я схаваю весь русский рэп, бро, у меня читмиллГоворишь ты G.O.A.T., а мы ебали этого козла Я надеюсь, мои панчи не погибнут никогда Я сперва респектовал, а потом тя хуями крылУ меня трёхтомник на руках – это «Война и мир» Чё там рифмы? А! Чё там рифмы?Десна в крови хап, Депрсна ща next upДисс на артистов, кто не с нами? Весь стакТебе в еблище, те пизда, как Tech N9neВсюду кровища – мы дизайнерский драгДизайн, как ЛебедевЗа мной, как леммингиFuck all, как в пейрингеБро, жир – микстейпы ихСмыл ща, как Fairy ихЗаткнул, как gaging ихTrouble with my daddy issuesI'm fuck with thatГде рифмы? Их нетYou got no brain, старый дедТы в безопасности был бы, бля, в Walking DeadБензо разлил на куплет – не курите здесьДевяносто в чат, кому не нравится мой новый рэпСудьбоносно, как в двухтысячном выбранный президентХуесосишь мой tape – я станцую, как Lil Uzi VertНа твоей башке, я выбираю газ, как ICEGERGERT Биф со мной – опасно, как беременной запрыгнуть в слэмЯ не в 4n Way, но я в форме, эйКто тут хуесос, ну-ка, тридцать в чатЯ не G.O.A.T., я семеро козлятWho shot you – кикнул с сервера нубаСтарый открыл рот – у него, бля, треснула губаМои рифмы, как Ислам Махачев в тёмном переулкеВ смысле, зря ты доебалсяВ смысле как-то раз ФломастерВызвал тачку – эконом. Ваш водитель – РахмаджонИ он такой: «Не сяду». М-м-м, в том дело лиЧто он готов кататься исключительно лишь с белыми?Я Крейг Беламми, как МелоныМы не клиторальные оргазмы – мы не пальцем деланыИ как Вова Гэл и Мэйби Бэйби – мы в недрах игрыВенчанные с рэпом, тушим ведрами чёрной икрыБедности пожар, что 90-е в нас разожглиСияю, как квазар, двигаюсь чётко, как будто в HDЕбу их так, что они молят: «P. Diddy, изыди»Mader chod – ща я трахнул их маму на хиндиАй, FreeRio typeНадеюсь, совпадут твои ожидания, да, от альбомчика «Россия34»Охуенный альбом, да даже если не совпадут, в целом похуй, альбом-то охуенный, да, альбом хуже не станет от того, что...Там, наверное, цифрыКто-то его не поймётКомментарии, вот рецензии развёрнутые, Флом точно посмотритДа, я думаю, братишке Флому понравится"
Slava-kpss-doodle-jump-lyrics,"На этот куплет...... Но Гнойный мне ближе, чем рэпер, у которого слава Я всегда был Антихайп, просто ты не знал полного состава Главное, чтобы сироп впирал, даже не знаю полного состава Я до конца за брата, покурили раз, заехали......Хочешь видеть бога? Смотри на меня или зайди на стрим Замая You might also lik"
Slava-kpss-swag-lyrics,
Slava-kpss-tour-song-lyrics,
Slava-kpss-the-motherland-lyrics,"... в озере Здесь пацаны вывозят Нет, ты не понял, блятьЗдесь пацаны вывозятРодина, родина, родина, родина, родина, родина Родина, родина, родина, родина, родина, родина Родина, родина, родина, родина, родина, родина Родина, родина, родина, родина, родина, родина Я сейчас на родине Я сейчас на родине Я сейчас на родине Я сейчас на родине Русский мальчик, русский мальчик, ёбаный в рот, это русский мальчикРусский мальчик, русский мальчик, ёбаный в рот, это русский мальчикРусский мальчик, русский мальчик, ёбаный в рот, это русский мальчикРусский мальчик, русский мальчик, ёбаный в рот, это русский мальчикРодина, родина, родина собрал колорадских жуков в огороде яРодинка, родинка, родинкаНа твоей жопе так манит колхозникаВ её записной я Самсон БогородскийЗови домой если твой телик плоскийКатим на моцыке под самогономТут всё по людски, да, тут всё по канонамЗа стол не садись если там кто-то с УБОПаВ городе Павлово торговал укропомБар...You might also lik"
Slava-kpss-antih-lyrics,
Slava-kpss-24-russia24-lyrics,"«Россия24», ай«Россия24», ай«Россия24», ай«Россия24», ай«Россия24», ай«Россия24», ай, е«Россия24», ай«Россия24», эйYou might also lik"
Slava-kpss-dnd-drift-and-drill-lyrics,
Slava-kpss-outsiders-lyrics,
Slava-kpss-all-dogs-go-to-heaven-lyrics,
Slava-kpss-for-children-lyrics,
Slava-kpss-kudo-lyrics,
Slava-kpss-introfreestyle2024-lyrics,"Мои движения вечныАй Когда мне стало тридцать — залетел в рехаб Когда-то мне отец дал мой первым грамм Я плакал, вспоминая, как я обижал Людей своих любимых, как я предавал Я признаю косяк, но не врубаю жертвуВидел много блоков, не играя в дженгу Видел, как на чердаке варили ханку В детстве, и глаза не хотели видеть Стал подслеповат — курил хронику — Риддик Похуй на твой фейм — я не делаю римминг Помню, как в полуфинал нас вывел Хиддинк Выходил во двор, и кричал: «Россия!»Щас всё поменялось — нахуй Стадион Нормальных ребят вряд ли миллион Мой альбом роман, как «Сатирикон» Бро, я уже культовей, чем Бигги Смолз Кто ещё базарит о сложных вещах В жанре рэп талантливей, чем я?Антихайп — семья , haters gonna die Скоро мелкий стрельнет — Василий Замай! Да, КПСС — самый умный рэпер Так когда-то написал Захар ПрилепинЖизнь — это борьба, я тренирую грэплингБро, накурись за нас, ведь мы больше не трэппим Полтинник в неделю — мы курили мрачно Хочешь грязное бельё? Но мой рэп — не прачка Она всё ещё следит — мы даже не ебались Эй, шлюха, погляди на безымянный палец Тебе пора жить дальше, ты достойна счастьяЯ искренний, покуда это безопасно Для вас я клоун — постирония, «Маска» — Джим Керри Но мой рэп на деле откровенней тусовок Ивлеевой Идее верен, как Максим Марцинкевич Тесак За последний год пацанчик либертарианцем стал Шутки шутками, а жуткое настало времяКто же вас спасёт , если не русский рэпер? Ты читаешь по повестке — иначе всем похуй Ты зовёшь себя легендой — ну а чё по сборам? Пятьсот щей в Москве — это не то что бы и плохо Просто не могу понять откуда этот гонор? Эй, респект, всем матерям, лучший материалУ меня. Базарю, Редькин челюсть потерял А Горбачев — долбоёб, тут не смехуёчки, — песни Тут как в музее Холокоста — серьёзные вещи Я ненавижу всю русскую сцену Антихайп — я сделал из нас индустрию С парой корешей я вас гнал взашей Эй, фортуна, сука, делай booty shake для меняПетра дворец из русских слов, этот альбомчик стрельнет Расправил крылья, как орёл с кое-какого герба Say hello to my fucking gang! Я не упущу шанс, ведь десятый дан Кара-тэ Смоки или Finally Rich Уже не буду андеграунд, как Владимир Ильич You might also likeЕ, Антихайп, bitch"
Slava-kpss-when-youre-broken-lyrics,"А всё начиналось так красиво и легкоНи образования, ни работы, ничего Лишь цель поднятьсяС Хабаровска пацы И мы запивали алкоголем таблетки Очередь за солнцем на лестничной клетке В дыме косяков наше общее селфиПятнадцать лет спустя — тюрьмы, рехабы, смерти, эйВот что происходит, когда ты сломанВот что происходит, когда ты сломанВот что происходит, когда ты сломанКогда ты сломанВот что происходит, когда ты сломанВот что происходит, когда ты сломанВот что происходит, когда ты сломанКогда ты сломанВысокий и красивый — я был таким всегда Но девочек подростком я боялся, как огня Или все замечали, что со мной что-то не так Так или не так, я открыл для себя драг И даже, когда мир отдал мне сполна Наш Славик поднялся: есть фейм и счета Полные бабла. Я хуже говнаЧувствую себя. Вот, что происходит, когда…You might also likeА всё начиналось так красиво и легкоЗеркальный потолок, как в эротическом кино О такой, как ты, я мечтаю с детства Но веду себя как мудак, естественно Видя только свою больМы распяли нашу любовьБыть моей женой я тебе предлагаю И где-то через год я тебя потеряюВот что происходит, когда ты сломанВот что происходит, когда ты сломанВот что происходит, когда ты сломанКогда ты сломанВот что происходит, когда ты сломанВот что происходит, когда ты сломанВот что происходит, когда ты сломанКогда ты сломанКогда ты сломанКогда ты сломанКогда ты сломанКогда ты слома"
Slava-kpss-gangster-country-lyrics,"Ха-ха, еВ своей стране ты гангстер?Ха-ха-ха-ха, хаNigga, nigga, please, let`s tell it to meХа-ха-ха-хаBroЕ In my country…Моя страна-гангстер, моя страна-гангстерЧё ты хотел знать? Я нюхал клей, когда был маленькимПалками забитого бомжа я видел в падике И мы пускали парики, торчали на аптеке Маленькие дети мы базарили на фене Собчак не знает, кто такие мужики на зонеА значит её Россия — это только Москва-город Сёдня не похаваем, но скинулись на коробЛёха весь трясется прямо на автовокзале Менты его друга до больнички запиналиЭто не 5-2, а 8-1-2Полные карманы химаря, еду от отца Мент на меня палит, а я спрашиваю путь Если б обыскали, то могли меня нагнуть на пять лет Ты не дрейфь, а смотри им в глаза Так учил отец, а я уважал отцаНад тайгой приморской низкие небеса Помню, как нашёл следы тигра у ручьяЖареной картошки с дядею у костра Говорил мне: «Не колись, племяшик, никогда» Лёха ушёл в армию, чтобы слезть с иглыВернулся, сел на спайсы, теперь мертвыЭти люди живы только в наших сердцах Я разучился доверять Девочка сказала: «Нужны деньги на аборт» А на самом деле, она покупает соль Мне было шесть лет, и я шёл до магазинаПацаны спросили, уделяю ли на зону Это не абсурдные сказки, а правдаУлица учила: надо пиздиться за братаИ если не прав он, своих спросим самиБуду оправдан я или посажен От тюрьмы да от сумыЗнаешь же? Слышал?Ориентировки все спущены свыше Бог создал вора, а чёрт — прокурораМафия бессмертна, газуем до упораМоя страна — гангстерМоя страна — гангстерТочками на венах или точками на карте Моя страна — гангстерМоя страна — гангстерС блатной искройYou might also lik"
Slava-kpss-812-lyrics,"Приехал в Питер, не имея ни шиша Алина подкурила крепко на ВДНХ Я проебал свой самолет, в Москве оставив всё бабло Но в Питере семья, в Хабаровске друзьяЯ думал: восемь часиков — и мы всегда увидимся Но это в десять раз дальше, чем от Москвы до ВильнюсаСтал питерским котом, второй альбомДописывал, прося бабулю сделать тише звукНа телевизоре, ведь глухота — её недуг Вспомнил, что у меня тут друг На Петроградке у Светло курили на балконе Тогда я понял: блять, я переехал в этот город Пешком на Марсовое поле, фракталит дворцы Иду, мимо проплывает на Фонтанке цирк Седьмая линия свободы, Васька, приветЗнакомлюсь с Мишей, и мы пишем ежемесячно рэпКлуб Mod у Спаса на Крови Здесь ЭПП впервые заплатил за рэп нам Пятьсот рублей, а покурить было по тристаТут же я получаю имидж баттл-биста Битва с Эрнесто на SLOVOSPB Барыга в Автово, я помню этот деньМеня шмонают, но я скинул ещё в паркеБро, всё могло печально кончиться на стартеПривычный ноль на карте, пацаны на ВаськеПрибалдели, наш кент Роман ГаррошГоворит мне: «А в чём смысл жизни, бро?»Он не разобрался, в петлю залез через годА мы продолжили двигать свою хуйню Хоть в чём смысл, я до сих пор не ебуГиги в Ионотеке на сценеПьяные веселые дети: еже-еже-ежеПослушай записи — там имелась душа Через два года я собираю ГлавClub Тогда с Замаем делали первый концертПришло пятнадцать человек, а я уехал за говном Андрей, прости, тогда я так тебя подставил Когда говорили, что нам похую на рэпчик — мы не вралиПили водку с шаурмой, писали фристайлыСтолько всего создали, это порою давитНа нервы, будто я под следствиемКак сделать так же хорошо и непосредственно?Культовый в узких кругах ща осознанноПацики — Мединские, ведь писалась историяНами , а щас иду по тем же местамВспоминаю, как приехал на Московский вокзалВ своём задрипанном пальто с китайского рынкаВывалился в этот город, как хуй из ширинкиИ продолжу стоять, будто медный всадник Каждый трек, как культурный памятник Залпы в вечность и наши сказкиЛик Петербурга в посмертной маске Визуализировал десятку баксовЯ в рубашке не родился — я её купил Мы просто были долбаёбы, что любили баттлыРэп, Петербург, и ещё… You might also like— Привет, это Лига Гнойного и сегодня у нас новый баттл, итак, эмси слева, представься— Добрый эмси— Добрый эмси, и…— Добрый эмси, я взорву тебя— Стоп-стоп-стоп-стоп, петух, заткнись— Эмси справа, представься— Я здесь, чтобы разорвать вам ёбла, это Fallen MC— Е-е-е— Тебе пиздец, я тебя разъебу, как…— Стой, стоп-стоп-стоп, итак. И первый… Первый раунд Fallen MC, поехали— Fallen MC — называй меня так, потому что я разъебал тебя, как твой чердак. Твой чердак — не чердачок, ты не мужик — мужичок. Ты пьёшь не сок, а сочок, потому что ты…— Это сок. Натуральный стопроцентный— Натуральный стопроцентный харчок на моей груди, посмотри, slovo"
Slava-kpss-im-staying-lyrics,"Эй, эйВремя пять утра, и я курю на Петроградке Мы не любим рамки, но окажемся в оградке Я пишу квадратами, крепче кирпичной кладки Как бы ни был всажен жёстко — не руинил катки Не любитель шайб, но если были, то я Малкин Раньше были тусы, а теперь Макалей Калкин Гуф сказал: «кто не срывались — не курили травки Нормальной», не знаю, бро, я пока в порядке Сделал рэп-альбом, ведь его сейчас так мало Круги под глазами, как будто я коала Поднялись на камне, чё, пацаны — кораллы? Я святой в хип-хопе — я пою себе хоралы Я устал от драмы, я хочу покоя Мне не нужны драгсы, ведь они делают больно Не обхуярен, ведь я анти-Лёха Никонов Не буду брать даже когда в стране, где легалайз На декабрь букнул виллочку на Самуи В моей стране сейчас газуют стукачи Бро, ты просто телочка, текущая от силы Иногда смолчать — это не значит быть терпилой Говорят, я сдулся, но я продолжаю вайбить Собираю клуб крупней, чем был на пике хайпа На Авито паль — Rick Owens по запросу: VIPERR Мода — это временно, а мы о настоящем Я становлюсь старше, и суетная морока Раздражает, я тусуюсь в одинокого R.I.P. YUNG TRAPPA, R.I.P. Картрайт Я проливаю за вас свой вишневый Sprite Всё могу понять, но кое-что я не могу принятьНас научили это всё в себе держать Мужские слёзы лишь на церемониях прощанияА кто сиял при жизни — станет северным сиянием Хочу, чтоб мои дети не боялись мусоровХочу, чтоб мама меньше плакала ночами И мне не нужен этот кожаный салон Отдам все деньги за одну минуту с папойИ строки о любви к семье не могут быть банальны Пошлый стриптиз души — я в этом повинюсь пред вами На этом точка и тире, этот альбом — прощальныйЗакрою старому себе уста водой молчальной Не говорю вам «чао» и не говорю «гудбай» Да, я на русской земле вырос, словно иван-чайЯ тоже видел в мутной банке гриб чагаУ бабушки на кухне, вот она рэпчагаРусская гусли на семпле мне ни к чему И я люблю свою страну, а не лик чинуш И может для кого-то это как холодный душ Как Сухоруков в «Брате 2», бро, я остаюсьYou might also likeЯ остаюсь! Я буду здесь жить"
Slava-kpss-my-boys-lyrics,"А помнишь, ты мне как-то звонишь в мае? А… Ну, в мае флаги вешают. Говоришь: «Блин, Гоша, выходи, встреть меня». Я выхожу, ты говоришь: «Нас Фед заложил, он, нахуй, мусорам позвонил, и всё, всех приняли, я один сбежал». Я тогда, если честно, вообще в шоке был: почему они не сбежали, дебичи, и зачем Фед так сделал?Мои пацаны хотели трахнуть мир Мы глотали водку под плавленый сырМы кидали таблы — смертельные дозыИ мы выживали назло хуесосам Вечер по бульвару с мафоном бредем Песенку про хуй и пизду мы поём Вызов обывателям — нищие бонзыСняли хату, нечем платить, но всем похуй Помню, сделать бабе решил я сюрприз Ночью заскочил — узнал, что не один У неё такой, понуро брёл домойДома встретил Валик пиалкой с травой Из шкафчика достал — заструился дымокНочь, «Герои 3», и я не одинок Провожали Гошу — забрили под ноль Курим на балконе, запомни вид, бро Не увидишь год ты родного двора Ночка на перроне с пакетом бухла Чё-то ты в армейке стал дерзким, братан Плюху по лицу, упал в мёртвый фонтанСаня встретил Олю, зашли в магазин Нету продавцов, мы украли цветы Косарей на пять и на горке тогдаОн мне рассказал, что мама умерлаМы с одной общаги, знакомы с трёх лет Мои пацаны — это Родины цвет Лёха из детдома и с шумной братвой Водный из пруда в центре города ночью Тянули, кропалили на жизнь кое-какПустая комната, сдутый матрас Спал на пуханах, а девятого маяВ мой ДР мы со столбов снимаем флаги Бегали, махали, где пропасть во ржи Фед берет трубу и куда-то звонит «Алло, милиция , мы на Карла МарксаЗдесь четыре пацана, мелкое хулиганство» Сперва ему не верим — думаем прикол А потом нас крепят несколько жирных ментовок Я сбежал дворами, пацанов до утра держалиЗато как мы ржали На хвосте жар-птицы жарили шашлычок Нашей юности пропащей. Пацаны От вас я узнал, что жизнь бывает настоящей Кого-то похоронили, а кто-то стал отцом Но я помню хату на Большой и наш похмельный борщ Ай-оу Мои пацаны хотели трахнуть мирМои пацаны, мои пацаны!You might also likeМы уже тогда его трахнули, пацаны! Ведь мы были пацанами Гоша, Саша, Валик, Гин, ФедЛёша Орехов, земля пухомВсе пацаны попадают в рай — Помню, гулять пошли, а… с мафоном твоим, евгом, на бульвар, на горку. Я в него батарейки ещё купил Duracell большие, девятивольтовые… За 900 рублей 9 штук, блин. А это 2011, большие бабки были. Блин… Шли, пели хуй-пизда, хуй-пизда, на хуй. А потом на лавке меня телки отпиздили. За то, что я их свиньями назва"
Slava-kpss-elysium-lyrics,"Ай Ай Никак не мог уснуть, — вспомнилась игра на Сеге Там из космоса свалился человечек Может, так и пролетает жизнь перед глазами? Пока смерть лениво тянется за нами Я лежу в кровати, вспоминаю первый сотряс Сидел на качелях, провернулся и упал — бац Почему всплывают именно эти воспоминания? Может, так и пролетает жизнь перед глазами, а? На старой хате в моей комнате воняет шмалью В зале батя, со мной девка, но он не мешает Почему сейчас я вспомнил этот момент? Испугался, мб медленно так наступает смертьТак и пролетает жизнь перед глазами Не в одну секунду, а бессонными ночами Осень, жёлтая листва, по ней идём к зубномуЯ не плакал, но зато дали киндер-яйцо мне Может, так и пролетает жизнь перед глазами Может быть самой первой умирает память? Эй, клад в подвале на Обводном Вместо свертка достал крысу — она была дохлой Где-то на приморских сопках Ели с батей консервы в томатном соке Никогда: ни до, ни после ничего вкуснееЯ не ел, может так и умирает времяYou might also likeПролетает жизнь перед глазамиПока маешься, скучая на матрасеЯ в рехабе во дворе слёзы вытираюПодошёл Мишаня и неловко обнимаетЭй, жизнь перед глазами, этот диафильм Боже, ещё медленней сможешь крутить? Трип длиною в жизнь, он невыносим Этот трип красив, но невыразим Я иду до школы — холод собачий Жалею, что нельзя туда ехать на кровати Может быть сейчас, в одеяле купаясь На кровати я лечу, а вся жизнь пролетает? Подо мной взлётной полосой В космическую тьму или мир иной Я не знаю , а кто знает? Засыпая, засыпаюМожет, так и пролетает жизнь перед глазами?Бессонными ночами, мы не замечаемКак уже идёт процесс, страшный судЖизнь почти досмотрена, подходит к концуМожет, так и пролетает жизнь перед глазами?Фломастер добавит: «Ты чё про смерть, Славик?»Но поэт частенько от последней рифмы пляшетИ без точки троеточию не быть, смекаешь?В моих представлениях я взял элизиум, куда попадают герои, совершившие какие-то деяния. Некоторых особо отличившихся героев Боги могли взять к себе, конечно, книг смерти, а некоторые особо к концу жизни не удивляют каким-то… подвергались излишним мучения"
Slava-kpss-splendor-and-poverty-lyrics,"Сделаем-сделаем, будет вообще круто. Ну, типа, как, знаешь, как со всей России, самые разные пласты, типа-а… Контингент, а-а… Аудитория самая разная: от простых мужиков-рабочих, типа, сибирских там, горняков до всяких сынков депутатских, типа такого будет КПСС — я видел всякое дерьмо Пацаны с Затона не пьют розовое вино Парню с параллели вырвали серёжку Вёз сто грамм с деревни, курнув пятку на дорожку В восьмом классе я закапал цикломед Как-то со мной в стрипухе DJ Smash и ГришковецУпотребляли. А потом ловлю блэк-аутНо помню все свои дороги — речь не про трэк-аут Видел: друг обсоленный гнал телку на мороз Сука добавила нам клофелина в морс Разбили пятку с дядей и смотрели в батин гроб В детском лагере сирот за сигареты на blowjobРазводили пацаны. Я видел всякое дерьмо Как-то Филипп Киркоров приглашал меня в кино С молодым FACE'ом у метро кричал «Эщкере!» С ним в «Камчатке» пили шоты, он показывал мне нож Обещал, Марьяне при встрече покажет хуй В пустой хате курил пятки, слушали Грязный Луи Потом гасился от мента хозяина квартиры Когда он настиг, то объяснил, что некрасиво Вы себя ведёте, пьяный, вынув ствол 2к18 — видел, как Гризманн заносит гол В ворота Уругвая, и я самый умный в классе Ведь билеты намутила тогда Тина Канделаки Паша Тихомиров, когда переехал в Питер Учил, как технично надо пиздить в магазинах Вечно попадался, когда ел феназепам И я ехал на маршрутке, из мусарни выручал егоКонверты из АП вёз домой с Арбата Концерты в мелких барах, когда в зале пол калеки Я видел, как друг другу улыбаются коллеги А на самом деле ненавидят корешков по рейвам Я жил в общаге с туалетом на этаж Как после ломок папы, простынь можно выжимать Жвачку в волосах, если посчитали лохом И разбито в кровь ебло, ведь одногруппник делал куни Курил с Пашей Техником, курил со Смоки Мо Сестра работала на зоне — привезла нам завертонИз тех, что загоняют в жопу, и я сел на палевоОткрыл дверь, , упал прямо в коридор Видел, мама плачет — вечно не хватало денег На китайском рынке ноги мерзнут на картонке Клип за десять лямов, контракты с Coca-ColaПосле этого дерьма вряд ли уже пойдёшь работать Видел блеск и нищету, спал на пухане И классовая ненависть разгоралась во мне Когда в банкомате видел стопки из пятёрокА у меня две сотки и опять яичный РолтонМерчик Антихайпа попросила Вера Брежнева Не было на складе — подарил ей свой постиранный Блеск и нищета, моё лицо на всех каналах Я видел то и это, я свою Россию знаю А ты рассказываешь сказки в которых нету жизниНемец-англичанин, ну-ка, научи нас жизниЯ не типичный репер — не мечтал о лучшей жизниЯ просто делал рэп, и всё само так как-то вышло, а You might also likeФон нейтральный, а если фон такой типа где-нибудь на Казанском вокзале, на фоне мужиков? Допустим, и типа я один из них. Или не канает такая самодеятельность"
Slava-kpss-im-ashamed-to-live-lyrics,"Им скучно, а мне стыдно жить, хочу себе рот зашитьКаждый раз, когда выходит альбом, начинается этот депрессивный циркЕй ко мне лучше не подходитьБоже, какой же я позорник былДень назад, год назад, и всё в mp3Скован отражением в чужой душе, даже если это душа кретинаПочему из тысячи комментов запомнится один негативный?Что это? Встреча с самим с собой под взглядом другого?Стыд всегда был рядом — это была младшая школаУ меня была ушанка, кажется, из соболяА в почете у пацанов была, так называемая, гандонкаИ я снимал шапку, и прятал в портфельЕщё на подходе к школе, стыдился друзейИ было стыдно за этот стыдТе, чьим трудом одет и сытПреданы в этом актеСтыд всеобщ, но перед его лицом каждый одинокГлядел на себя голого в зеркалеСтыдно без майки в военкоматеДетство выделяет стыд, как спиртПохмельный стыд за излишнюю откровенностьЖмурюсь от него, как от слишком яркого светаДал волю эмоциям в старых трекахТеперь стыдно на концертахА всё же надо исполнять этоНо о счастье слушать скучноИли должен быть спрятан в нём клубок змейЯ всегда стеснялся умных людейГасился от встреч, ведь под их взглядомЖить всего стыднейЧуешь свое место в этой иерархииСтыдно бояться, как тогда с Вадиком: подкатили пацыкиГоворят: «Ща будете опиздюливаться», если вкратцеМеня узнал старший, говорит: «Ты можешь идти»И честно, даже сделал шаг, чтоб съебаться Что же ты так стыдился своей бабушкиНа новогоднем празднике?Мать в командировку уехалаА я позвал друзей, она так некстати пришлаТеперь никакого бухла, а щас давно умерла онаНо гордыня ведь и есть обратная сторона стыдаИ я на этих качелях, пожалуй, жил всегдаОт «охуенен и пиздат» до «боже, какая я хуета»Все эти треки — своего рода порнографияЗапечатление реального и одновременноПолная невозможность отображенияНастоящего, живого процесса стыдаYou might also likeА мне стыдно житьСтыдно житьСтыдно житьА мне стыдно житьСтыдно житьА мне стыдно житьСтыдно житьБоже, как стыдно житьСтыдно житьА мне стыдно житьСтыдно житьА мне стыдно житьСтыдно житьА мне стыдно житьСтыдно житьБоже, как стыдно житьУтро, и даже небо залило краскойОт этих попыток выразить так называемого себяУтро, и даже небо залило краскойОт этих попыток…"
Slava-kpss-money-and-god-lyrics,"Деньги, деньги, деньги, деньгиДеньги, деньги, деньги, деньги, деньгиДеньги, деньги, деньги, деньги, деньгиДеньги, деньги, деньги, деньги, деньги, деньгиДеньги, деньги, деньги, деньги, деньги, деньгиДеньги, деньги, деньги, деньги, деньги, деньгиДеньги, деньги, деньги, деньги, деньги, деньгиГде вы были, когда вы были так нужны?Скажут: «Кончай душить», но я снова снимаю скальп с душиДелаю слепок, мой дух, мятущийся как слепеньНа кухне светлой всё, как будто за стекломНа крыльце веду разговоры длиною в жизнь с отцомУ него была мечта вставить зубы, просто вставить зубыНо всё упирается в деньги, детства моего чистые глазёнкиВскипятили в ложке и забрали в шприцНо вспомни, чему учил нас нацбольский старик:Родаки — это всего лишь путеводные кораблиОбгони и не оборачивайся никогдаМать, которую не видел допозднаВедь она добывала, так называемые, средстваЧтобы у тебя, сука, было детствоПомни, что ангелы сказали ЛотуИ не оборачивайся никогдаА я обернулся и там застрялЯ бы закрыл его в рехабЯ бы сделал что-тоРуки скользят в собственной рвотеНеверно рассчитан дознякЯ завяжу, только дай мне знакДенег много, можно брать качественный стаффИ каждый вечер проводить у сказки в гостяхЯ скурил и пропил не одну квартируСидел и скулил на группе по профилактике срываА всё же деньги, где они былиКогда они были мне так нужны?Когда у меня будет сынСмогу ли я его защитить от этой реальностиИли от этой вечной тоскиЧто выкручивала кишки?В холодной коммуналке или на берегу тёплого моряВдали от Родины удавиться, как Березовский БоряИли как Рыжий Борис домаПролетарский или буржуазный капризИ тот куст, на который мне указал отецНа нём росла ягода барбарисДо этого видел её только на этикеткеОдноимённой конфеты, и это бесплатноА всё же, деньги, где вы были, когда вы были так нужны?Когда я ещё мог выкупить немного времени с тобойЯ не могу увидеть собственной тениИ это раздражение, как будто, меня переживётРобин Бобин Барабек — у тебя болит животВедь ты жрёшь собственную злостьАдаму встала горлом собственная костьВ душном кабинете, под светом мигающей лампыЯ бы хотел выкупить вас всех из рабстваИ в голове стучит: «Деньги, деньги, деньги!»А на верёвке во дворе мокрые стелькиВ хабаровских спальниках или глубинах КомптонаМы эротизируем смерть или защищаемся от неёПластмассовым поломанным роботом?Но я потерял его, и было понятоЧто ничто больше не будет вечноИ даже если купить нового, время уже дало трещинуИ камень, пущенный блинчиком, подпрыгнет пару раз и исчезнетА ты нашла у меня седой волосЯ потерян, как капсула с радиоактивным цезиемЗамурован в этих текстах, отравляя всех, кто жил по соседствуИмел глупость или имел смелостьСо вспоротым брюхом, на берег выбросило ещё живого БогаПрекрасного БогаХа, а всё же, я возьму деньгиYou might also likeСлава, привет-привет. Конечно, мне неудобно к тебе обращаться, но на данный момент больше я не могу ни к кому обратиться. Я тут попал… В том плане, что… С мошенниками на криптовалюте. Я вкинул всё, в итоге, короче, всё, что были деньги… И залез в кредитные карты, по которым очень высокий кредитный процент. Грубо говоря, сказать… Вбухал, короче, два миллиона. Где-то, так, скажем, миллион триста получилось. Там процентная ставка очень высока, конечно. Надо взять обычный потребительский кредит, соответственно, банки не дают, потому там будет взято с кредитных карт. Смог бы ты мне помочь в этом плане? Надеюсь, что да. Там постепенно, частями, я бы тебе это вернул"
Slava-kpss-ilyg-lyrics,"Слава, представляешь, я ещё и простудилась оказывается. Чёрт, у меня температура, кажется, и я вся чихаю, и у меня нос заложило. Мне кажется, я погибну сегодняЯ люблю тебя, девочка Будто бы джанки любит чек хмурыча Двигайся. Да, я косячу по мелочи Но мы с тобою — легенды как Медичи Как в казино, я косячу по-крупному Но моя love к тебе — будто коррупция Будет всегда. Я лижу твои сисечки Будто щенок — опять зачитал лишнегоСнова про трахаться, блин, королева Ты извини, я люблю твоё тело Когда вернёшься ко мне на фавелу Буду ждать вечность — Нельсон Мандела Готов отдать тебе своё внимание От тебя будто исходит сияние Солнце, луна и депрессия, мания — Что бы там ни было, с тобою рядом я Я, я, я люблю тебя, девочкаЯ, я, я люблю тебя, девочкаЯ, я, я люблю тебя, девочкаЯ, я, я люблю тебя, девочка You might also likeПрости за тёмные мысли В моей любимой светлой головке Мои поступки говнисты, знаю А комплименты неловки Эго раздутое, как bubblegumЯ благодарен богам Будда, Иисус, Магомед — всем респект За её точеный стан Стать бы мне чашечкой твоего лифчикаЯ вот — счастливчик, если ты в личкеМне отвечаешь — пришлю огонёк Могила исправит, я — конь горбунокДа, было больно, но больше не будетКогда ты голая и в моём худиОстановите мгновение, мы с тобой ленимсяСмотрим киношки и ебелька!Я, я , я люблю тебя, девочкаАй, ай, я люблю тебя, девочкаЭй, эй, я люблю тебя, девочкаАй, ай, я люблю тебя, девочкаТретий куплет даже будет не лишним А перед смертью, говорят, не надышишься В мире, где чувства — игра власти, выигрышЭта любовь — как у колы под крышечкойСнова проснуться и потянуться Она со мной — это же ебануться! Чё там, весь мир, катастрофы, сенсацииВообще плевать — мы вдвоём, если вкратце!Против всего устоим, как атлантыТрадиционные ценности нашиЗаценит Мизулина, Дугин и ПутинКольцо на пальце вижу, как назгулДа я снял маску, и ты всё увидела Мое уродство, будто бы федералЧто прочитал мои логи запросовЭто не лечится, если серьёзно Ай, ай, я люблю тебя, девочкаАй, ай, я люблю тебя, девочкаАй, ай, я люблю тебя, девочкаАй, ай, я люблю тебя, девочк"
Slava-kpss-crystal-kate-lyrics,"Кристал Кейт — известная модель и актриса А, ну, ты понял Кристал Кейт — я курю это на пражке Я в потёртых джинсах, в смысле, да, мой лук винтажный Кристал Кейт — я попробовал однажды С этих самых пор не мог отделаться от жажды В Новый год лежал и сердце билось под музончик Если его вырубят, то сердце остановит свой бой Взяли пятачок, и мы его за вечер сточимСразу говорю, это история не очень С пацами в Хабаре мы аптечные ковбои Не то чтобы мы кашляли, но брали все сиропыСлушаем Good Hash, Полумягких и прочих Кристал Кейт — это считается хип-хопом В Питер провожали — по бульвару бегал голым Пламя, но внутри имею холод Там мне показали этот теневой форум Я, естественно, становлюсь его частым гостемИ ты опять уходишь в дымЯ без него тебя забылаНо ты давно сроднился с нимА я прошу хоть день без дымаИ ты опять уходишь в дымА ты опять уходишь в ды-ымТы опять уходишь в дымА ты опять уходишь…You might also likeЯ думал, без неё никак мне Как ты отдохнешь после работы в аквапарке Ща смотрю на пацанов и мне их жалко Кладбище проёбанных талантов Я не хочу тупить в приставку Все они алмазы, но не сделались бриллиантами Чувства в нас — это так важно. Искусство — Выразить их. Братик, ты просто боишься чувствовать Тушишь божественное пламя, засыпаяЕго Кристал Кейт и это friendly fire Больно быть живым и это мне понятно Но Кристал Кейт врёт, а трезвость — это правда Ладно, не хочу опускаться до нотаций Просто тоже думал: без неё какой я творец?Но вот я записал свой самый ахуенный тейп И скажу: я без тебя стал ещё лучше, Кристал Кейт И ты опять уходишь в дымЯ без него тебя забылаНо ты давно сроднился с нимА я прошу хоть день без дымаИ ты опять уходишь в дымА ты опять уходишь в ды-ымТы опять уходишь в дымА ты опять ухо-оди-и-и"
Slava-kpss-everyone-loves-dead-lyrics,"Все любят мёртвыхВсе любят мёртвыхВсе любят мёртвыхВсе так любят мёртвыхВсе любят мёртвых Все любят мёртвыхВсе любят мёртвыхВсе любят мёртвыхТак все любят мёртвыхМёртвых Все так любят мёртвыхВсе любят мёртвого Егора Летова Когда ты мёртв, ты не испортишь малину Мёртвый не станет нацболом Мёртвый уже не ответит за текст Все любят мёртвого Селина Когда ты мёртв, ты не испортишь малину Мёртвый глаза не мозолит фашизмом Мёртвый не обзывает кретином Все любят мёртвого Даню Багрова Когда ты мёртв, ты не испортишь малину Мёртвый не снимет хреновые фильмыИ не поддержит присоединение Крыма Все любят мёртвого Эдю Лимонова Когда ты мёртв, ты не испортишь малину Мёртвые не отсасывают неграм И не участвуют в военных конфликтах You might also likeВсе любят мёртвых: удобных и тихихВсе любят мёртвых, но я пока жив Все любят мёртвых: удобных и тихихВсе любят мёртвых — любите живых! Все любят мёртвых: удобных и тихихВсе любят мёртвых, но я пока жив Все любят мёртвых: удобных и тихих Все любят мёртвых — любите живых!Все любят мёртвого Витеньку Цоя Когда ты мёртв, ты не испортишь малину Мёртвый уже не продастся режимуМёртвый не станет сбежавшею крысой Все любят скрывшегося Бабангиду Когда ты ушёл, ты не испортишь малинуУшедший не скажет при всех, что ты пидор И не проест плешь своим коммунизмом Все любят мёртвого ДжугашвилиКогда ты мёртв, ты не испортишь малинуМёртвые не отправляют на лагерь Мёртвые не заберут твои деньгиВсе любят мёртвых Они все любят мёртвых Все любят мёртвых Они все любят мёртвых Все любят мёртвых: удобных и тихихВсе любят мёртвых, но я пока жив Все любят мёртвых: удобных и тихихВсе любят мёртвых — любите живых!Все любят мёртвых: удобных и тихихВсе любят мёртвых, но я пока жив Все любят мёртвых: удобных и тихихВсе любят мёртвых — любите живых!Все любят мёртвыхТут все любят мёртвыхВсе любят мёртвыхТут все любят мёртвых"
Slava-kpss-heath-ledger-lyrics,"Я в хип-хапе как Hitachi, магнитола на века Рэпом землю сотрясаю, амплитуда великаЕсли дам концерт в Стамбуле, то турецким городам придёт пиздаСгораю, строя храм, — я анти-ГеростратШалом шаббат всем порядочным евреям в ЕАО Наши панчи в молоко, мы ими сбили НЛО Экстремистские молитвы для божественных людейВсе проёбано, пофиксим в пять минут, как суперклей Прекрасен, как Антей, держу в руках эту пару гантель Чтобы не выронить свой майк, когда будет тряска, поверьБолотная ряска сильней, чем вся твоя воля и властьНа каталонских баррикадах накарамболимся всласть I wanna девочка по имени ЕвонаЭти зумеры тупее Эвелона, броОни хотят всего хорошего с фашистким ликомНо я вижу лишь лошьё в их кликахМы тоже книжные, но улицей бывали битыДелили плитку из Афгана на могильных плитахПавших стрит-файтеров, а жил я праведно иль нетЕсть только мой путь, а правильного нет Я кидаюсь рэпом в будущность своей могилы У поэта есть трагедия , что он родилсяИ другой не надо, эти вирши нам не для весельяПрямой эфир из воронки грязевой сели Есть причины, что от нас скрытыКак правильно сказать: киргизы или кыргызыЧёрный лебедь на посадку заходит в сердцахБрошу, надо быть твёрже, чем сам твердый знакСмешенье вечного с уродством, я — готический соборИ все бары в точку, будто с автоматики в упорРа-та-та-та, та и один контрольный в небоЯ выблёвываю рифмы, брачо, я отравлен рэпомАльбик fucking legend, как старина Хит Леджер Я помню пейджер, но щас кидаю кэш на LedgerКак Джастин Гейджи, выдать бы хороший хук Чтоб ноги в пляс, это как танец джукПиздюки наглеют и однажды они нас подвинутБудто они райские любовнички, нам дышат в спинуГомошутки вне закона, отложу ещё один МРОТ На уплату штрафов за треки, где трахал вас в рот Пих, мазафака, похЛих ведь из казаковРод мой начало берёт и крови ручеёкСквозь годов пороги в генетическом маджонгеЯ поднял эту способность, чтоб вот так ронялись строки Чем бы всё не кончилось для нас, а всё же бит хорошийИ на нём мой голос хорошо сидит, как в палец вросшийНоготь 2ККартрайт, 24 годПомолчим минуту за всех павших русских пацановYou might also like"
Slava-kpss-iamu-lyrics,"Слишком много раз сказал слова «мама» и «папа» На этом альбоме нас делают травмы В жизни было всё, даже горела хата Сгорел бы и сарай, но я не колхозан ебаныйЯ не кидаю зан, не гонял в Дубай, не ебу шалав У меня у дома самая вкусная шава Взял микрофончик за пол ляма Как бросил зазу — я не знаю, на что ещё тратитьОпять нам грустно, а мы друг другу депрессант И мне не нужен друг, я могу себя записать сам Как Гриша Буда — радует лишь запись рэпаФак да психиатр, детка, я не хочу таблеток Я, как полярник, одинокий космос во мнеТы снова говоришь, что я с тобой холодный А я пишу будто Джанни Родари Друзья нужны, чтобы скидывать демкиМы не верим в смерть пока она не бахнет Молнией небесной по самым близкимСлёзы на глазах будто в Perfect DaysВселенная кричит мне: «Ты имеешь блэсс!» Надеюсь, мой рэп слышит Бог, ведь остальное смертно Мода временна, а мы как арабская феска Салют всем тем, с кем ходил в «Великано» под дексомТут много личного неймдропинга, но эта честная историяЯ хотел сделать альбик, как книгуМожет быть, не вышло, мне пора перевернуть страницуБрат не верит в Бога, но я буду за него молиться До сих пор живу как во время ковида — изолирован Как монах при свече Не скиты на треке, а треки в ските Сыростью могильной улиц СПБОна говорит: «этот город — музей» А голос в голове вторит: «Вспомни как раньше Ты был посвободней», но голос — обманщик Он уже не раз заводил меня в ямуГоворят: «Слушай сам себя», но я слушать не стануА мама знает как «деньги» по-английскиНо я перевёл money маме Взять хотел себе домик на Кипре Но в России красивее зориНаши пацаны как зомби — больны мозгамиКак пилоты в НАСКАРе, такие: «Нам газка бы!»Эй, мы водопады роняем каскадомЭй, эти релизы, как будто бастардыЧасти меня, которые я не готов признатьХочу домик в деревне, как с обложки молока Хочу домик в деревне, чтобы жить, как граф Гришнак И этот семпл подо мной, как будто Росинант Слушаю молодых рэперов, у меня уже всё есть Они только мечтают, да я, по ходу, ферзь Эй, как так случилось, сам не понимаю Как будто бы ещё вчера читал рэпась в подвалах Думал: после того баттла я подниму котлету Вернусь обратно в андеграунд, но уже семь лет как Делаем солдауты, салют всем нашим с GNG Замай, СД, с нас начиналось всё, как с АБВ You might also likeЕ, человек — это сумма поступков Я не хочу сказать, что Бог — это совесть Но прощу прощения за каждую глупостьЧто ей когда-либо делала больноЯ помню корни, но похуй на эти корни Я узнаю её из тыщи, но похуй на корни Ты слушаешь МС из ряда самых стойкихТу кукурузинку, что не взорвалась в попкорне (Па-пау"
Slava-kpss-idbid-lyrics,"Водопад рэпВодопад, эйВодопадВодопад рэп, тирс как Архимаг КПСС — в смысле я сплошной red flag Лора Пиана на мне, или я хз, что это Похуй на гайцов — едем по ЗСДАСТ, ЭЛТ , все эти аббревиатуры на мне Мои последние слова будут: «Айоу, е» Нужно сорок пять часов в дне, чтобы записывать тупой рэпЛечу на ямахе, как Сергей СупоневСнежные берега реки абсолютная душаРазлитая повсюду охуительно легка И мысль сейчас: «Даже умирать не страшно»Что-то сломается однажды в этой дурацкойМясной машине, я снова синийНо не хожу под красным, как флаг России Немолодой и нищий, она в меня влюбилась Разочаровалась, меня растлила Эта ночь в поле полном одуванчиков Приехал без ног твой Ванечка Когда я был маленьким — я был маленькимА остальное вас не касается У меня только взрослые травмыДурно пахнет этот поход в ароматный мирВ вагоне ресторане ветераны СВО Пьют свой «Жигуль», и мы смотрим в окно Жизнь чуть сложнее, чем твоя агитка Вышел на перрон, хлоп по карманам, минус жига Ретроспективно, не позитивноСмотрю на мир, ведь учил меня дядюшка Римус Не творить много хуйни — это уже немало Можешь гордиться, если сможешь уйти до зашквара Я завидую коллегам иногда, чтоПишут свои рейв хиты — им не надо вскрывать гнойничкиТого реального, что так непроглядно в тени Но потом одёрнусь — разве это жизнь? Я хочу дарить своим людям свет Я опять вложил себя в этот рэп Я это прожил — и теперь я здесь 2-0-2-4 — я не верю в смерть Не верю, что умер папа Не верю, что умрёт мама Не верю, что через десять летМногих из нас не будет рядом И на каком-то ударе Мой моторчик устанет Отбивать этот хип-хоп ритм Это мой альбом Ты прав, всего лишь ещё один You might also likeРоссия34, Россия34 Ты слушал это #FREEPLATINA, ёпта"
Slava-kpss-copper-pipes-lyrics,"Скажи мне, сколько ты стоишь, эй Скажи мне, сколько ты стоишь, эй Скажи мне, сколько ты стоишь, эй Эй, эйСкажи мне, сколько ты стоишь, эй Скажи мне, сколько ты стоишь, эй Скажи мне, сколько ты стоишь, эйЭй, эйЧто же такое продаться? Я вам сейчас объясню Это когда ты стал частью волныА не толкаешь волну Экспансия себя — вот моё кредо, моё тру, мой крест А твоя музычка — выжимка общих местСтадионы, тик-ток трендыТы лишь винтик индустрии Я же смыслы. Я же то, о чём моё сердце болитЯ запечатал свою душу в эти строки, в эти рифмы, весь мой путьИ что с того, что это бесконечный сплин?И что с того? «Заплатили или нет?» — дело не в этомСделал бэттл, я как Бэтмен — филантроп миллионерВедь я дарю вам всё святое, Богом отпущенное мнеРазве этот свет затмит кресло жюри на СТС?Содержание индивидуально, пусть и круг сузит Возможный слушатель и на Fast Food Music Это выйдет вряд ли, бро. В нарциссичную эпохуСделать альбик для души — это уже, считай, неплохоТягал жемчужины из склепа, как каштаны из огняЗдесь моя любовь и детство, как последние объятия отцаВсё, что дорого до боли: мои слёзы, мои рофлыНечистоты моих дум прятаны за рюш и гофрыЯ варю свой кофе и смотрю в окноТам заброшка стала Дикси, говорят: «Время — вода»Но сквозь пальцы уже льётся кипяток и нам на пенсию пораТаким, как был вчера, не буду никогда ужеИ да, бля, раньше было лучше, от деменции привет Но я не суеверный, нет, так что время не примет, не ждитеВ этом сочинении я ищу в пространстве гэпЧтоб съебаться по ту сторону. Вот кик, а вот и клэпЯ между ними затеряюсь, как сторублёвый билет Я вроде был, а вроде нет, я как юродивые сныВижу облезлый потолок той общаги, где я рос Даже когда приехал кости старые греть на РодосНаш Бог — Вулкан Ведь наша родина СССР А ты у девочек популярнее ПРЛ Я слушал Янку и Егора, Бориса, РоманаСразу вижу тех, кто здесь лишь для того, чтоб сделать бабокА для меня это забава, всё, что в жизни дарит светЗакройте сэмплером и майком, и как Варг свой эмбиентБуду отстукивать на рёбрах суки, что зовётся «смерть»Русский рэпер в медных трубах выживает чаще всехYou might also likeСкажи мне, сколько ты стоишь, эй Скажи мне, сколько ты стоишь, эй Скажи мне, сколько ты стоишь, эй Эй, эйСкажи мне, сколько ты стоишь, эйСкажи мне, сколько ты стоишь, эйСкажи мне, сколько ты стоишь, эй Эй"
Slava-kpss-a-tale-of-irreversible-death-annotated,"Сначала было небытие, потом я отвлёкся —И уже потом было словоСначала было небытие, потом я отвлёкся —И уже потом было словоЯ со смертью сросся — не было ни дня, чтобы я о ней не думалИ до сих пор меня охватывает какой-то животный ужас В глубоком озёрном трипе переживал разные смерти: меня сбивала машина, я падал с крышиДумал хоть так выйтиПотом я распалсяСтал чистым отсутствием разума Потребовалась вечность, чтобы вернуться, снова создать мир и себя в нёмЗнаешь, Слава — ты всегда был одинБлизкие и случайные знакомцы — это твои творенияТы засовываешь в них эмоции, мысли, чтобы заглушить ничтоВсё, что ты видишь в других — только твоё Но смерть не стала менее ужаснаЯ чувствую, как по головному мозгу бегут мурашкиКаждый раз, как в первый раз, я стоял над трупом деда и не чувствовал ничегоВедь не мог он стать объектом, этот бледный, лишённый жизни объект —Это не то же самое, что тёплым, летним вечером дед в роскошном пальто и широкополой шляпеВходит на кухню — такой статный, шикарный мужчинаТак говорят женщины, кажетсяЭто не то же самое, как он лежащий, пожираемый клеткой раковойЕму нужна была моя помощь, чтобы добраться до туалетаИ я думал, что это тело не является истинным проявлением моего дедаТого шикарного, в шляпе, он сидит где-то внутриПосле похорон: бабушка умерла через месяц — так любят только старикиКогда-то я написал дурацкий альбом «Солнце мёртвых»Хотя даже не читал книгу ШмелеваКогда-то она сказала: «Что с него взять? Он даже не может отрефлексировать смерть»Я лежу в постели: пять утра, никакого снаА ночь — чудовище, исполненное глазДоктор мне сказала вчера: «Надо обследоваться» в последний разБахилы никогда не налезают на мой сорок шестой размерРвутся в руках, как медузы в анекдотическом ГеленджикеНу а жизнь чем не анекдот? Смерть — это антипод или антидот?Долго не выходит врач. Начинается что-то вроде панической атаки Достаю смартфон. Опять погибли люди, я их не знаюНет поводов испытывать какие-то чувстваРазве что глупо, разве же мы не должны помогать друг-другу с этим удушающим запахом смерти?Хотя кому, почему должны что-то люди?Они просто делают всё, что могут себе позволитьВ конце концов, от убийства отделяет лишь законДа чувство моральной правотыВезде можно убить курицу, где-то собаку, где-то человекаА чувство моральной правоты — легко покупается на аргументыСлышно каблуки симпатичной медсестры:Представляю как её ебёт её муж или бойфренд или бойфрендка, сейчас же такЯ понимаю, почему так больно бросать даже откровенного абьюзераДаже если он тебя бьёт, или она трахается со всеми у тебя на глазахВсё-таки любые долгие отношения заканчивать — как умерщвлять часть себяВспоминать о смерти — это невыносимо, здесь так красиво—Нет. Здесь так уродливо, что я начинаю дышать всё глубжеКак же всё-таки не хочется умиратьБоже, что ты сделал? Создал это убогое, смертное телоНо ведь то, что не имеет предела — оно беспредельноА значит не является ничем конкретным. Это буквально ничто«Посадить дерево, родить сына» — у меня нет ничего из этогоНо ведь это тоже заблуждениеРебёнок — отдельная вселенная, а не часть тебя, и вся эта психологическая хуйняНо я могу их понять, этих гиперопекающих родителейДумаешь: «Вот оно, моё продолжение, моё спасение, моя кровиночка»А потом он начинает взрослеть, уезжает учиться в другой город лишь бы не видеться с тобой слишком частоОстаёшься один, да ещё и старыйИ уже не отвернуть взгляда от того, что зовётся «вечной тьмой»Хотя это, скорее, «отсутствие вечной тьмы»«Абсолютное отсутствие любого присутствия» — это естественные законыРодители готовы отдать за них жизнь, а дети вряд лиКажется, Ричард Докинз делал какие-то расчёты:«От какого количества детёнышей львица готова рискнуть стать мёртвой?», «Эгоистичные гены», — что-то там такоеСтранное словосочетание «Больничные покои», скорее «тревоги»Верующие — мне трудно поверить, что они вообще существуютЧто двухкопеечные истории могут полностью вытеснить страх смерти из области сознания. Какие-то древние правилаОчевидно же, что дух не может существовать без тела — всё указывает на этоНет ни одного примера, ни одного философа или учёного, который бы убедительно доказал неразрушимость индивидуального существования Мы своими глазами видим как хоронят наших близких, мы знаем, что это произойдёт и с намиИ всё же «верую, ибо абсурдно»А больничка-то довольно дорогая. Может надо было сэкономить?Сходить не в Москве, а в ОрлеНо зачем тебе деньги на смертном одре?Да и вообще — в сущности деньги только средство сопротивления гниениюХорошая еда, дом, врачи, тренеры — для этогоА сверху ведь ничего не нужноЭто не такие уж и больше деньги, а остальное это так скучно. Статус, авторитет, вещи.Тратить небольшое отпущенное время, чтобы заслужить одобрение в чьём-то нелепом циркеАртисты думают, что покупают билетик в вечность, оставив после себя песниНу не знаю. По-моему всё, что мы оставим — это памятник своему безграничному тщеславиюХочется сигаретуТак быстро летит время. Когда хорошо, когда занят чем-то интереснымКогда читаешь хорошую книгу, какие-нибудь приключения Шерлока Холмса или Гекльберри ФиннаКак быстро летит время без мысли о смертиИронично. Ведь когда время летит быстро — ты приближаешься к ней быстрееВрач открывает дверь. Я двигаюсь, словно в туманеЧеловек, внезапно, смертен — и в этом его родовое проклятьеТак на это смотрел ДостоевскийА она на меня даже не смотрит, когда говорит, что моя опухоль неоперабельна"
Slava-kpss-instrumental-version-lyrics,
Slava-kpss-pih-poh-rework-2023-lyrics,"Пих-пох это хип-хоп наоборотПих-похБудем знакомы, я закованный в комнате комнатный клопВ полночи трёп, полноте — стоп, тут полости, полные пробПостный бездарный хип-хопПосле подпален укроп, Эдварда Каллена в гробЭтот приталенный фрак в районе Гарлема жмётПчёлам неправильный мёд, о чём мечтали мы в тотОткрыл банк крот, теперь он банкротСлушай, еблан, ГРОТ, пока мы план трёмКо дну пойдёт планктон, пусть Пинкертон пики ртом ловит, чтоб потомЭтот шепоток смоет шапито, как поток, этот Papa DocСадит Rabbit'а на поводок — парадоксПо носу пара дозЁбаный Город дорог В диете творог, горохСпасибо этому Лёхе за то, что он подохПих-пох — это хип-хоп наоборот, е!She’d drive me crazy, she'd drive me crazyПих-пох — это хип-хоп наоборотПих-похShe'd drive me crazy, she’d drive me crazyПих-пох — это хип-хоп наоборотПих-похShe'd drive me crazy, she'd drive me crazyYou might also likeПих-пох — это хип-хоп наоборот!Любимые песни настоящих людей"
Slava-kpss-katafalka-rework-2023-lyrics,"Я за рулём своего катафалкаСгнившими до костей культями кручу баранкуКартинно помашу родным, суну под дворник астрыМой катафалк пролетает на красныйМы за рулём своего катафалкаСгнившими до костей культями крутим баранкуМама роняла слёзы, папа рыдал напрасноНаш катафалк пролетает на красныйВедь рано или поздно в крышку загонят гвоздиВедь мы не Коза Ностра и не бессмертны вовсеВ делах по ноздри, как Тони Монтана в коксеЭто и есть взрослый. Срывая гнева гроздьяНа праздник жизни ворваться голому и пьяномуНабить ебло козлу ебаному, что создал нас неравнымиТакси зеленоглазое красными фарамиГлядит на мир и, mon ami, встречай меня фанфарамиВедь мы на финише все одинаковыПотёртые протекторы выложу в путь дензнакамиРезину не спасти, как и желудок злакамиИ белых туфлей лаковых не надо брать в кредит, они уже твоиКосулю подпалив, минуем пост ГАИМост через Стикс, погост, земля, крестыПётр помашет палкой: «Грешник, притормози»You might also likeЯ за рулём своего катафалкаСгнившими до костей культями кручу баранкуКартинно помашу родным, суну под дворник астрыМой катафалк пролетает на красныйМы за рулём своего катафалкаСгнившими до костей культями крутим баранкуМама роняла слёзы, папа рыдал напрасноНаш катафалк пролетает на красныйЯ за рулём своего катафалкаСгнившими до костей культями кручу баранкуКартинно помашу родным, суну под дворник астрыМой катафалк пролетает на красныйМы за рулём своего катафалкаСгнившими до костей культями крутим баранкуМама роняла слёзы, папа рыдал напрасноНаш катафалк пролетает на красныйЯ за рулём своего катафалка!Я за рулём своего катафалка!Я за рулём своего катафалка!Я за рулём своего катафалка!Я за рулём своего катафалка!Я за рулём своего катафалка"
Slava-kpss-icarus-rework-2023-lyrics,"Злое небо Вавилона, свинцовая крышка гробаКороль всех скоморохов, кровь льётся, как газировкаОт Фалеса к Пармениду, от Дугина к КургинянуМы строим лестницу в небо, но впустят ли обезьяну?Жестокий пир Валтасара, где эго взойдет на дыбуНо жизнь на то и Сансара, сознание счастья — лишь символГотовься к финальной сцене, там стадо затопчет СимбуМечтаешь ли, глядя в небо, стать голубем сизокрылымТак лети, Икар, пускай все твердят:«Червяк должен ползать. Пусть пол в деньгах»Или по медным трубам, путь к ЭдемуПобеда духа, ведь мира нет Вне сознания мораль — химераЯ позволил себе всё, человек — есть мераВсех вещей, я расправлюсь с бонгомПару стопок и стану Богом!Икар, Икар, сойди с карнизаТы перебрал, людишки снизуПолзают мокрицами, мазки на полотне асфальтаХочется напиться, встать в окне и стильно сделать сальтоYou might also likeЧем выше, тем сильней запах жжённых перьевОт ядерных лучей не укроешься в тенях Падение легко, успокоимся в смертиНо время не пришло, из пепла встанет ФениксИз пепла встанет Феникс, из пепла встанет Феникс Из пепла встанет Феникс, из пепла встанет Феникс Феникс, я прошел сквозь всёАлкоголь и ко, мне сожгли нутроИ как бы не был далеко мой голубой горизонтЯ дойду, хоть и пешком, ведь прямой коридорМой путь к цели. Пусть трет простофиляМол, «Икар сдал в ломбард крылья»Нет, я высоко летал, но упал в чащуТут не лётная погода, но мой чёрный ящикЗдесь между строк я как прежде богНо теперь Люцифер, я падший ангелСтал не тот демон Азатот, себя хуже во сто крат, я доппельгангерСумасшедший гений, до конца моих днейЗапах жжёных перьев мне не даст взлететьЯ устал глядеть на птенцов, что пытаются покинуть землюПолёты духа над Вавилоном, болтовня на кухнях под этаноломГде контркультура всё тот же повод, капитал жрёт детей как Баал и МолохОни верят змею в овечьей шкуреИ не слышат никого, будто влезли в танкОни верят змею и змей наглея, то и дело переходит на парселтангЧем выше, тем сильней запах жженных перьевОт ядерных лучей не укроешься в тенях Падение легко, успокоимся в смертиНо время не пришло, из пепла встанет Феникс Из пепла встанет Феникс, из пепла встанет Феникс Из пепла встанет Феникс, из пепла встанет Феникс Из пепла встанет Феникс"
Slava-kpss-russian-field-rework-2023-lyrics,"Невыносима мне легкость бытияВнутри Хиросима, а снаружи тополяНевыносима мне легкость бытияВнутри Хиросима, а снаружи тополяЛасково шумят. Выйду в русское полеСегодня единица, завтра стану ноликНевыносима мне легкость бытияВнутри Хиросима, а снаружи тополяЛасково шумят. Выйду в русское полеСегодня единица, завтра стану ноликВ день, когда нас не стало, петля инструменталаЗатянет песню, как в детстве с отцом у вокзалаЧто-то так защемит, вспомню, как гудели у фонтанаСквозь щели глаз тоска сверкала. С пьяным фристайломПровожали её в дальний путь и было не жалкоВ пространстве душ она просто твоя содержанкаИграй, шарманка, мёртвым джанки, как дом-оградкаОрехов Лёша, наш хороший, земля тебе ханкаНо солнце светит и без нас, как сердце у ДанкоПланета крутится, но в привод пустая болванкаВставлена creator'ом. Над миром разгадку украдкойПодглядел на пире у Платона: ""Мы лишь опечатка!""А смерть как примадонна, выход в софитах финалаГде всех артистов на руках выносят из залаВо всех уездах всех галактик такая пьесаГде ты остался на бобах, но ты не принцессаYou might also likeНевыносима мне легкость бытияВнутри Хиросима, а снаружи тополяЛасково шумят. Выйду в русское полеСегодня единица, завтра стану ноликНевыносима мне легкость бытияВнутри Хиросима, а снаружи тополяЛасково шумят. Выйду в русское полеСегодня единица, завтра стану ноликНевыносима мне легкость бытияВнутри Хиросима, а снаружи тополяЛасково шумят. Выйду в русское полеТак страшно умирать, коли ты в невол"
Slava-kpss-i-dream-of-rework-2023-lyrics,"«Гнойный — пидор! Гнойный — пидор! Гнойный — пидор!»— …его ведь так и зовут?«Гнойный — пидор!»— Так и зовут, да«Гнойный — пидор! Гнойный — пидор! Гнойный — пидор! Гнойный — пидор!»—это называется тавтологиейЕ, гиены скалятся — на хуй гиенОдин мой панч, и весь твой баттл-рэп на сраку приселМне нужен только демон: Люцифер, Сатана, БафометЯ люблю лишь твою маму, алкоголь и баттл-рэпНа хуй всех! Я не хочу палить еблом с билбордаНужен только Cricket, чтоб спалить к чертям Восточный МордорМикстейп? Нет-нет, дисс, он бьёт, как монтировкой по лбуX, Y, Z, Z, вниз — и я пробил рифмовкой комбоРенессанс, мескалин, Бэтмен — жид, я ПингвинС нами ведь СаДист, а значит, мы воскрешаем KingRingНовый Vagabund — «Что они дуют?» Ты ловишь бэд-трипТвоя мама стонет на хуях — выйдет клёвый эдлиб Иду по пищевой цепи, пожирая шакаловУ твоей мамаши ВИЧ и СПИД — пожилая шалава Я ебу ваш смысл, чтоб подкинуть свинью МоисеюДай повыебонить на бите или петлю на шею You might also likeЯ не знаю, нахуй мне ваш хайп, если жизнь одна?Я мечтаю, чтоб подо мной, как шконка, тряслась рэп-играВ тронном зале при всех легендах рэпа навалить говнаЭто моя мечта Никто и никогда не сможет победить жида«Гнойный — пидор! Гнойный — пидор! Гнойный — пидор! Гнойный — пидор! Гнойный — пидор! Гнойный — пидор! Гнойный — пидор! Гнойный — пидор! Гнойный — пидор! Гнойный — пидор! Гнойный — пидор! Гнойный — пидор! Гнойный — пидор! Гнойный — пидор!»Стал еблоторговцем, как они, только не подал видуДаже если на мне кипа — пидор, я кидаю Сжечь эту культуру изнутри и перебить их гуруЧтобы кончить, мне нужны японки, тентакли и гуроГоржусь их хейтом, этим отторжением средыВедь, как Электро, я питаюсь напряжением сетиТы идола, мудак, не тронь, хоть он носатый, как туканЯ всегда могу добыть огонь, подорвав пуканНет хитов форматных, создал стиль свой, сидя домаМазафакер трахнул мазу, стать вторым ОксимирономТретьим Бабангидой, пятым Гуфом, пятнадцатым СтимомКПСС — я буду первый, кто ебал вас в гривуАндер или попс? Попробуй, втисни в категориюНе выйдет феатуринг с Сашей Скулом и Ларисой Долиной Мне это похуй всё, я запишу с десяток демокГде ебу твоих блядей, но нынче только русских девок Я не знаю, нахуй мне ваш хайп, если жизнь одна? Я мечтаю, чтоб подо мной, как шконка, тряслась рэп-играВ тронном зале при всех легендах рэпа навалить говнаЭто моя мечта Никто и никогда не сможет победить жидаЕ, мы обязательно проебём. Это АнтихайпНихуя не выйдет, пацаны, мы всё равно проиграем, можете надеяться дальше, мы проебём, мы всё проебём, потому что это наша судьба. И даже если мы победим, мы всё равно проебём"
Slava-kpss-dead-stars-rework-2023-lyrics,"У-у-у-уУ-у-у-уУ-у-у-уУ-у-у-уСлышь, эти звёзды без тебя погаснутНедаром гром и молния небо трясут в оргазмахНедаром под этим высвеченным небом в сепииМы забываем, что одни и зависаем в сетиБольшие дети под куполом вечного лета!Снег осыпался штукатуркой с небаЯ против воли стал наводчиком вечного рейхаВзяв два билета в ледяную пустыню ЁтунхеймаЧто-то горело в микросхемах — тот электроникЧто осознал себя как софт. А чип на ладони— вырванное сердце. Ну же, мир — рисованный комикс!Протяни костыль, и калека не станет с этим споритьНе проси меня остыть, я буду дымить, подоконникПрожигая плюхами — хули мне этот белый кролик?Он завел меня в кусты, где колет шипами лимонникРавнодушный глаз Луны и брошенный Богом питомникЗдесь мой обветшалый дом бытияВзвесь каждое слово — сломан ли я?Или тут ошибка в ДНК, чей-то программный кодКаждая молитва для него — это лишь баг-репортЗавтра я ещё не умру; хотя, кто его знает...Годы уже не вернуть, но время дано, чтобы тратитьТак что не считаю минут, что ждали пересменкуВ камерах сознания перестукиваясь через стенкуYou might also likeВижу свет мёртвых звёзд, вижу свет мёртвых звёздЯ пожил не всерьёз, всё как-то мелькомСлышу смех мёртвых звёзд, слышу смех мёртвых звёздНичто не вечно под их неверным светомВижу свет мёртвых звёзд, вижу свет мёртвых звёздЯ пожил не всерьёз, всё как-то мелькомСлышу смех мёртвых звёзд, слышу смех мёртвых звёздНичто не вечно под их неверным светомПоэт и песенник погиб. Только в MP3Остался свет его странной несчастной звездыА душу вынесла, как дым, из грязной параднойДосадный сор мясной избы — быть с Богом на равныхЭто ли не та мечта, которой ты сгубил себя?Но, отдавая нам тепло, равнодушной звездаОставалась всё равно и даже полуденный знойВ системе наших координат — абсолютный ноль!Но опалила крылья моль, упала за сервант;Теперь от червяка её не отличишь никак!Ну разве ж насекомое — не ""Альбатрос"" Бодлера?Скажи, француз, что же значит быть русским поэтом?Значит: остаться мёртвым светом, мчать через вакуумЧтобы найти свою планету, прожечь сетчаткуЗаброшенному человеку. Критической массой станетЭтот луч и он взорвётся суперновой —Здравствуй!Вижу свет мёртвых звёзд, вижу свет мёртвых звёздЯ пожил не всерьёз, всё как-то мелькомСлышу смех мёртвых звёзд, слышу смех мёртвых звёздНичто не вечно под их неверным светомВижу свет мёртвых звёзд, вижу свет мёртвых звёздЯ пожил не всерьёз, всё как-то мелькомСлышу смех мёртвых звёзд, слышу смех мёртвых звёздНичто не вечно под их неверным светомЯ видел этих левых звёзд, они — красный карликНо если их зажигают — это кому-то нужно!Только под лоском ты стандартный Степан, и кармаНастигнет, хоть выстави сотню юмора ружейА моя Вселенная только взорваласьЯ эту вспышку заметил лет около тридцатиНе так давно значит в строю наш небесный корабльИ мы ещё пару отсеков сможем прицепитьСлышь, ты ещё слишком, друг, молодойЧтобы играть в старика и рассуждать о смерти;Хотя и видишь на своём лугу терриконИз пустых надежд, эмоций, страхов, женщинНо это же просто опыт, очередной этапНа пути к чему-то новому, пусть и больноНо после осени всегда приходит зимаА на утро уже весна стучится в окнаНам что-то когда-то кем-то было даноНо что это было? Я уже не вспомню...Сдали полезные свойства дрова, металлоломРебром поставив, этот я не решу вопрос, тутВедь! Дайте иную планету!Я наполню её тоже своим пустым пиздежомПринимая грязные бумажки за чистую монетуЯ просто распишусь, что сделан не из духа — кишокВижу свет мёртвых звёзд, вижу свет мёртвых звёздЯ пожил не всерьёз, всё как-то мелькомСлышу смех мёртвых звёзд, слышу смех мёртвых звёздНичто не вечно под их неверным светомВижу свет мёртвых звёзд, вижу свет мёртвых звёздЯ пожил не всерьёз, всё как-то мелькомСлышу смех мёртвых звёзд, слышу смех мёртвых звёздНичто не вечно под их неверным свето"
Slava-kpss-visit-the-moon-rework-2023-lyrics,"Мне сдохнуть не боязно под одеялом или поездомА что, если просто потухнем без пользыБез содержимого, лишь оболочки, как гильзыК чему бы не стремился теперь, потухший гейзерОдной из тех задрипанных семейств, дядьГде дети лишь для мебели, а мебель не для ёблиЯ, бывает, просыпаюсь по ночамИ в зеркало смотрю, не стал ли я теперь одним из тех мещанЧья мечта — повыше всплыть, излишек скрытьХотелось космонавтом бытьПобывать на лунеПобывать на лунеПобывать на лунеПобывать на лунеПобывать на лунеПобывать на лунеПобывать на лунеПобывать на лунеТеперь бы не забыть, что так боялся стать никемVictory пластмассовый мир, а я не манекенИ мне не варик лень культивировать в обменНа мечты, что были вектором все детство мнеГде мой скафандр? Отравлен будним ядомОфис, и я там, планет плеяда, космос где-то рядомВсе как у людей, список делНо когда же мне побывать на Луне?You might also likeИ кредитный BMW не затмит космолетЯ намерен в свой век побывать на ЛунеВсе как у людей, список делНо когда же мне побывать на Луне?По-по-по-по-по-по-побывать на лунеПо-по-по-по-по-по-побывать на лунеПо-по-по-по-по-по-побывать на лунеПо-по-по-по-по-по-побывать на лунеПобывать на лунеПобывать на лунеПобывать на лунеПобывать на лун"
Slava-kpss-spiritual-poverty-rework-2023-lyrics,"На пятки наступает духовная нищанкаСыграй со мной в пятнашки, я — весёлая КаштанкаГоняюсь по двору за собственным хвостомИ так покуда не помру, и, видно, в этом весь приколА златокудрый пидорас, ангелок-хранительТы смотри, не отвлекись, мне бы жить да жить быТолько жимолость созрела, опала, как с кустаМчит троллейбус бытия, и в нём все заняты местаА всё, что как бы есть, а тут же как бы нетуИз ума да по уму, и мне всё конгруэнтно«Всё течёт», — говорил бедняге ГераклитА у меня протекает, у меня душа болитА мне психолог говорила: «Душа — выдумка на горе»Эпиктет таскал за бороду мысли АнаксагораС нами дядька Черномор, постные эти миныЗаебали, и душа не дождётся сороковиныЗлатокудрый пидорас, ангелок-хранительНа секунду отвлекись, мне бы жить да жить быТолько что-то поломалось, фундамент мирозданияСобою заслоняет ума вечное сияниеYou might also likeБессмертное, на погибель рожденное естествоТы думал это смерть, а то — моргает бытиёТо качается монетка, то не небо за окномТо бумажная салфетка, то бумажный самолётА как магниты обвенчались, так мирились полюсамиСкоро померли в лифте, а всё же клёво потолкалисьЕва знает, что Адольф — сказочный геройДостаточно уёбищный, достаточно худойПятнадцать человек на сундук мертвецаПопугай, йо-хо-хо и бутылка рома«Мир — тюрьма», — прочитал я у поэта одногоНу и что мне с того? Я в Бутырке — домаПостигая свои пальцы, проворонил остановкуТолько бы не погубить мне эту божью коровкуЗлатокудрый мой браток, ты прости, что хамПроследи лучше за ней, а я — как-то самДоползу до арьергарда, где пьяные казачкиРодина-матушка, меня титьками не зашиби!Сплавимся по Лету вместе с трупами по ГангуЕсть немного соли, ну так сыпь её на ранкуСытая поганка, бледная от плотиИная мастерица даже окна заколотитА он мокнет под дождём, распахнув оконцеПневмония нипочём — он увидел солнце!Увидел солнце, а Дедалу похуйА Дедал летит, а Дедал смеётсяЭто был не ангел, приходил конецУлетал на небо от него отецОн увидел солнце, а Дедалу похуйА Дедал летит, а Дедал смеётсяЭто был не ангел, приходил конецУлетал на небо родной отецОн увидел солнце, а Дедалу похуйА Дедал летит, а Дедал смеётсяЭто был не ангел, приходил конецУлетал на небо родной оте"
Slava-kpss-to-graves-rework-2023-lyrics,"Однажды всё-таки вернусь на вотчинуГде в складчину брали пивко, мимо дома о́тчего пройдусьОтчего так грусть ебёт? Тот я — был мой антиподКак поднимали стопки, опускали батин гроб, я вспомнюВот он дом, который был потерянБез всяких сложных материй и ложных представленийДело тут не в вере, но я счастлив был, амурский берегСколько тех мгновений, что я вспомню, когда поседеюИ я не верю, что мы встретимся на небе с теми кого так любилиТак звони почаще по мобиле близкимПока фамилии в контактном спискеА не выбиты под фоткой на гранитном обелискеИх забирает расстояние, время и лишнимХранить обидки как напитки с выдержкой у вискиЯ искупить не смог бы все грехиИ на могилку принести могу только цветыПрости, я не сказал тебе всего, но вот он — тречокЯ передам тебе с новеньким мёртвым И мне почудится дверной звонокПереступи порог, и я брошусь со всех ногНо это морок, ты подземней, чем все эти блядиТы спрашивал, теряя: «Братик, когда полегчает?»Я обещаю, что отвечу, как только узнаюОтвечу, как только узнаюYou might also lik"
Slava-kpss-no-thanks-rework-2023-lyrics,"No, thanksNo, thanksNo flex, я забиваю в джойнт гвоздиNo, thanks, не хочу быть под жирным боссомМой перст указал тебе шконку дальшеRBL, ваш король тусит у парашиВлад Пиэм, бейб-бейб, поросёнок, нахуйЕсли Рестор мне купит TahoeНе буду тратить больше пары барсНа твой жирный зад«Витя Брови», блядь, лучший панч сезонаРевизорро снял фальшивый скальп, как парик с КобзонаС вашей кодлы. Кто тут на битах легенда?Крутого эмси не назвали б ГлебомАлло, эгрегор, башня танкаТик-так, бум-бум, эра киберпанкаПрошла. Такой кал не снял бы даже ГерманНовый Fresh Blood — это зомби-фермаИнферно, bad bars эпохаПучок фрешменов в ларьке за соткуТы свежий, будто набор «Три помидора»Это really перебор, ваша кодла — 8 пидоровПозорит всех голубей; влетаю, как Гарри КейнЯ один могу вшатать 16 этих читарейМои парни — два деда и БукерЯ продажный, да, но меня хуй кто купитТы однодневка, трусы-неделькаБро, я нагнул вас как Ури ГеллерМой хуй как тубус, на вкус как хумусЕвреи любят, хуба-бубаТвой стаф — жвачка, панчлайнов пачкаПэ-пэ, да мне тупо тут некого даже баттлитьБэнг, они говорят: «Делай пиздатый сайфер»My family по маме — это пулемёт ГатлингаЯ валю вас, как ёбаных таракановДавлю вас на масэл-каре, ебу вас, как Мату ХариБрутальный, будто Дукалис, вы баттлить и не пыталисьИ ваш стиль меня вставляет, как ёбаный рудералисНихуя. Мэн, они правда делают видНынешний «Дом 2» — это грёбаный динамитNo, thanks, мне скорее противник какой-то СоболевВедь, рэперы с Фреш-блада, вы баттлите хуже блогеровЭй, это Слава СТС, где С —Это «suck my dick, тупорылый пидор»Ебал вас всех, проебал протестНо имена врагов на могильных плитахYou might also likeЭй, в белой майке на блокеЭй, я, наверное, brokenЭй, ведь мне стыдно за строкиЧто кричат эти уёбкиЭй, баттл-рэп — это мёртвыйЭй, бомж в заброшенной стройкеЭй, но за что вы ебётеЕго который уж год?Эй, в белой майке на блокеЭй, я, наверное, brokenЭй, ведь мне стыдно за строкиЧто кричат эти уёбкиЭй, баттл-рэп — это мёртвыйЭй, бомж в заброшенной стройкеЭй, но за что вы ебётеЕго который уж год? Е!No, thank"
Slava-kpss-again-rework-2023-lyrics,"Опять надо жить, опять надо житьНо мне на это положить, я в кровати как в гробуОпять надо жить, опять надо житьНо мне на это положить, детка, я встать не могуОпять надо жить, опять надо житьНо мне на это положить, я в кровати как в гробуОпять надо жить, опять надо житьНо мне на это положить, детка, я встать не могуМоя жизнь — бесконечный сонный параличНе хочется ебаться, мне не хочется любитьБезысходный самотык из жопы моей торчитЯ верчу своё сознание, ищу кнопку «отключить»Дрянного вина пакет, я выгляну из окнаЗа солнышком как лакеи пиздохают облакаВесна просрётся букетом из зелени да говнаА в моих квадратных метрах цветёт разве что водаНу и нахуй мне выходить, жизнь — ёбаная тоскаНапряги и нервяки, да дворняги из-за кускаГотовы рвать на мне портки, я бы дал им себя сожратьНо мне опять надо жить и смертельно охота спатьИ не надо меня будить, от правды меня тошнитОбосранный дзен-буддизм мне не впарите, как тампоныНе надо меня будить, я вечность бы так продрыхНо заперт в одном вагоне с макетами из картонаОни кажутся людьми, стальные глисты умелоПолзут по кишке метро и им вряд ли говно — помехаНа станции, как жуки, люди заняты общим деломА мне поебать на это, свою я давно проехалРастолкают на конечной али выкинут на рельсыОбмоют и перекрестят, али так уронят в землюИ будет ли туса в небе или вечность, чтоб проспатьсяМне не очень интересно, ведь завтра так может статьсяYou might also likeОпять надо жить, опять надо житьНо мне на это положить, я в кровати как в гробуОпять надо жить, опять надо житьНо мне на это положить, детка, я встать не могуОпять надо жить, опять надо житьНо мне на это положить, я в кровати как в гробуОпять надо жить, опять надо житьНо мне на это положить, детка, я встать не могуДетка, однажды ты захочешь от меня абортА черви разобьют из нас свой сад костейМне пролежни милее, чем верблюжий горбПрости, резона не секу я покидать постельПускай по лесу муравей тащит свежий трупикПускай ваш улей в суете с утра и до утраСтал жить как трутень, ведь в быту тонуть, как муха в супеНе моя игра, просто не моя играВсе мы едем в никуда, по шоссе из никудаТолько я дымлю на заднем, а ты тупишь за рулёмИ все мы суть одна хуйня, все мы суть одна хуйняТолько я любуюсь видом, ты в погоне за рублём стухИ это путь из точки А, это путь до точки БТолько нету точки А, и не бывало точки БВедь ты поймёшь это тогда, когда горючка на нулеБез какого-то толчка качались сами по себеЭти качели в пустоте, качели в пустотеТвою игру свернуть никак, но ты волен нажать «уйти»Потеет палец на курке, мой палец на куркеМне некогда нажать, ведь мне опять надо житьОпять надо жить, опять надо житьНо мне на это положить, я в кровати как в гробуОпять надо жить, опять надо житьНо мне на это положить, детка, я встать не могуОпять надо жить, опять надо житьНо мне на это положить, я в кровати как в гробуОпять надо жить, опять надо житьНо мне на это положить, детка, я встать не могуЯ в кровати как в гробу, детка, я встать не мог"
Slava-kpss-the-guarantee-people-lyrics,"Наши фиксики умерлиРаньше что-то там двигалиВнутри душ теперь тушь течётИ кто заткнет пробоину в мясном домике?Встали ходики, время — нетВ тихом омуте чертят мнеЛьёшь свинец на оголенный нервТы врёшь, подлец, и весь божий светТы свел в насмешку, мой ангел дняБелоснежка проснулась зряНи свет ни заря я брёл по полямУнавожена земля людьми. Как и яОни хотели жить вечно, пить чайНа кухоньке с той, что одна понялаПей до дна, жизнь — свеча!Вот беда, в раму дует сквозняк!Где ж вы, фиксики? Всё пройдёт!Сердце свыкнется, ум поймётНогти грязные давят вошь!Скорбь и радости черпал ковш!А теперь скребёт о пустой бачокИ я хрипло выплюну злой стишок!В бездну смыслы — все ни о чёмЗабегай на огонёк, мой мотылёк!Дай мне луковку, я ж по нейВлезу в рай, здесь же, меж огнейТолько гибель и точкаСтоит ли гнить в одиночке?В сточной яме страстей и греховПьяным в свой ИерихонБуду спешить хоть ползкомБарынька, шлю вам поклон!Я глуп и смешонВ этих обносках с сырками из ""Дикси""Я верю, всё ещё можно пофиксить!You might also lik"
Slava-kpss-boys-black-lyrics,"И мне похуй, что это было на сотне старых дискотек Твои родители качались под такой же трекИ мне похуй, что это было , да твой заёбанный отец Выдавал под бласт-биты пацанский блэкИ мне похуй, что это было на сотне старых дискотек Твои родители качались под такой же трекИ мне похуй, что это было , да твой заёбанный отец Выдавал под бласт-биты пацанский блэкПацанский блэкПацанский блэкПацанский блэкПацанский блэкПохуй, что это было на дискотеках 90-х В мясо пьяная кобыла почувствовала себя взрослой Да, это было, но всё равно как первый секс Рэпчик под бласт-биты пацанский блэкПацанский блэкПацанский блэкПацанский блэкПацанский блэкYou might also likeБуду погибать молодым, буду погибатьБуду погибать молодым, буду погибатьБуду погибать молодым, буду погибатьБуду погибать молодым И мне похуй, что это было, и мне похуй, что это будет Денег нет на мобиле, один билет до могилы И мне похуй, что это было, и мне похуй, что это будетДенег нет на мобиле, один билет до могилы Пацанский блэкПацанский блэкПацанский блэкПацанский блэ"
Slava-kpss-cupids-rework-2023-lyrics,"Любимые песни настоящих людейКупидоны дохнут над Невой, ну и земля им пухомЯ обещал: ""Мы выплывем"", выплыли к верху брюхомГлаза мне что ли выколи этой немытой вилкойЯ не хочу вас видеть, хочу убиться синькойИ поныть в микро очередной насквозь лживый спектакльСтоит ровным счётом ничего, тоски тут кот наплакалИ мазки на холсте бытия чертишь фальшивой краскойВ этот надрыв не веришь, этот сюжет потасканПсихотерапия на показ, какой же ты калека!Рэпер же из смерти матери готов для новых трековВыжать все эмоции, и петь для пьяных заловСветануть душёнкой — это тренд, как тут оказалосьАх, какая жалость! У поэта проблемы на личном Он конвертирует это в наличкуТакой лиричный, здесь всё сокровенное вслух Купите мою душу на iTunesТы была со мной, потом ты ушла Люди умирают, болеют, и даЖизнь полна дерьма, но всё жеНадо куда-то в нём плытьА эта песенка — тупо понытьТы была со мной, потом ты ушлаЛюди умирают, болеют, и даЖизнь полна дерьма, но всё жеНадо куда-то в нём плытьА эта песенка — тупо понытьYou might also likeВы одна меня знаете, барынька, весь белый светМеня не ебёт, я не какой-нибудь слепой аскетНо роль внешнего мира с каждым годом стремится к нулюИ вряд ли снаружи чужие клювы пробьют скорлупуГде небытийность прячется в углу — заседает неврозНа незримом троне вечных духов, в печёнках циррозСидит давно, и вряд ли в районо меня научат жить А эта песенка — тупо понытьНовый сентименталист, ""вы знаете, так глубокоКак я не мог страдать и жить никто"" — всё тот же наёбСыграть на резонансе наших душ, ведь все мы калекиИ на эту почву, как из лейки хуёвых поэтикКапают стишата, нахуй меня и всех этихПлакальщиц в микро? Это лишь слабость, гордиться тут нечемРэпер же из бытовых скандалов вам слепит продуктСука, спешите купить душу на iTunesТы была со мной, потом ты ушлаЛюди умирают, болеют, и даЖизнь полна дерьма, но всё жеНадо куда-то в нём плытьА эта песенка — тупо понытьТы была со мной, потом ты ушлаЛюди умирают, болеют, и даЖизнь полна дерьма, но всё жеНадо куда-то в нём плытьА эта песенка — тупо поныт"
Slava-kpss-g-rework-2023-lyrics,"Е, ваша культура — говноВы покупаетесь на трёп этих отсталых ебанатовСоболев, Шнуров, Оксимирон — это всё одноНейросети, что плетут узоры из ебаных штампов И их культура — говно, ведь там нету ничего, одна хуёвая наследственность Популярно то, в чём люди видят своегоМалышка-блогер, повезло, что ты такая посредственность Продался, растолстел и стал другимКлоун при пидорасах, кривляка как Мистер БинСучка Киркорова с саундом ЭлджеяМы хотели, чтобы ты был как Бабан и Дядя ЖеняА ты принимаешь в шею в телешоу вроде «Голоса»Ниже падать некуда, забаттлить что ли с блогером? Окей, я раб ваших ебаных взглядов DK мне стоил пару новых лямов, хуле Тут бизнес, правила игры не новыДоят, пока не отвалятся копыта у коровы В интервью спалились что Джарахов, что Василий Баста«Гнойный заработал б куда больше, если б не продался»В погоне за дешёвым наломЯ должен состроить, блядь, идейного борца за андер Так это ж логика торгашиковЯ здесь чтоб торговать своим, а не чужим ебальником!You might also likeЕ, ваша культура — говноВы покупаетесь на трёп этих отсталых ебанатовСоболев, Шнуров, Оксимирон — это всё одноНейросети, что плетут узоры из ебаных штамповИ их культура — говно, ведь там нету ничего, одна хуёвая наследственность Популярно то, в чём люди видят своегоМалышка-блогер, повезло, что ты такая посредственность Баттлюсь на битах только с друзьями Ты не сможешь выиграть с частушкой в акапелльном баттлеНи к чему хайпить на ваших именахЯ хочу втоптать их в грязь, и bpm не вариант Похуй, Соболев, Джарахов, коли им напишет ГенаПанчи в стиле КВНа, всё для клиента, да?Но чей гострайтер круче, Гена?Тебе за диссы платит Коля, мне — Московский КремльПобедил в бою, но проиграл войну Баттл-рэп погиб, и всё скатилось в bpm-хуйнюДайте мне любого венценосного художникаЯ так его отделаю, как черепаху боженькаНа русской сцене никого, кто согласится нынеТы создаешь себе кумиров, бро, я жгу святыниБыть палачом постыдно? Мне абсолютно поровнуКогда дают конверт, я прихожу — снимаю головуЕ, ваша культура — говноВы покупаетесь на трёп этих отсталых ебанатовСоболев, Шнуров, Оксимирон — это всё одноНейросети, что плетут узоры из ебаных штамповИ их культура — говно, ведь там нету ничего, одна хуёвая наследственность Популярно то, в чём люди видят своегоМалышка-блогер, повезло, что ты такая посредственность It's been a while since it felt like this-thisВаша культура — говно!It's been a while since it felt like this-thisВаша культура — говно!It's been a while since it felt like this-thisВаша культура — говно!It's been a while since it felt like this-thisВаша культура — говно!Похуй-нахуй, я ебал культуруУ вас тут рэпер Face чуть ли, блядь, духовный гуруА я урод, на хуй рэп, на хуй панк-рокЯ Владимир Путин, значит что?.. Слава КПСС — «Любимые песни настоящих людей»Новые песни пишут те, у кого старые плохиеCheck this soundРусский Антихайп, живая русская культура здесь — «Лукошко глубокомыслия», SAO records Ебать того вс"
Slava-kpss-dwarfs-3-rework-2023-lyrics,"Карлики-карлики вышли из-под контроляЗаполонили собой скверики ПодмосковьяВся Москва как на ладони у маленькой сволочиКарлики кушают в кафешках тушёные овощиНет никакой надежды, что их вытеснят ингушиКарлики смеются от души, когда мутят свои концертыИ пьяно поют в метро, карлики танцуют в церквиЗловредное меньшинство на лестничной клеткеЛапает поддатых карлиц и щёлкает семкиЗа оскорбления чувств карлика кинут в застенкиКарлики сидят в Кремле, под ёлкой подведя итогиОбъявят: «Всем в стране скоро отпилят ноги»Карлики на коне, на милом ушастом пониДержись от карлика в стороне, если карлик не в духеИ ты заметил при нём воровские татухиКарлики в МВД своим прощают мокрухиНизкорослый элемент, в Питере ходят слухиПровёл дьявольский экспериментНизкорослые люди будут рождаться у всех, кто ест покупные продуктыКарликовый ген — достижение русской наукиБразды эволюции схватили маленькие рукиКарлики взяли в плен команду НБА, запрещённый XXL размерАх, теперь известно, сколько нужно карликов, чтобы вздёрнуть на люстре неграКарлика прячет под юбкой английская королеваК мелкому ублюдку ходит и твоя жена налевоЭтот хоббит — маленький гигант в мире большого сексаУ маленьких людей не может быть большого стрессаКарлики барыжат для своих только отличным весомА для гулливеров — 0,4, и то перевесокКарлики в квартире сверху подожгли за так узбекаИ всю ночь шумели, будто там детская дискотека«Карлики забыли своё место», — сказал участковыйДостал ТТ и хотел было стрельнуть в иконуНо спецназ под метр сорок сбил его с ног пинкомСтоял вопрос ребром: «Ну и кто тут, сука, гном?Чё ты там шутил про карликов в комментах? Это срок!»Об лицо тушили сигареты, включали пост-рокСам товарищ Ленин в шмотках для детей ходить бы могА ты на минуту решил, карлики — не высший сорт?*Звонок в дверь*Но в зрачке никого не видатьЭто карлики пришли к тебе, чтобы тебя забратьЭто надо знать: если весь мир смоет ураганомНа Земле останутся лишь карлики и тараканыПряники и шаровары, лютня, костюм, барабаныВ карликовый лес едут карлики, чтоб фестивалитьКстати, эта ваша Бабангида вроде тоже карликИначе почему он представляет город Калик?Малдер и Скалли знали, истина где-то рядомНо не догадались глянуть вниз, пока блуждали взглядомЕсли враг подложит им змею, карлики только радыКарлики отсасывают яд, чтобы плеваться ядомОни захватили телеграф и военную базу«Маленький народ, даёшь террор», — кричали в экстазе«Они взорвали Белый Дом», — передали по связиБыть карликом — это закон, первый карлик на МарсеКарлики на массе знают тайский бокс и лупят в циркеДылдам по тыквам, маршируют мелкие ботинкиКак на Хэллоуин, весь город с утра разбудили:Урода метр девяносто на цепи водилиМатери вопили: «Без намордника!»«Куда же смотрят органы отлова для мутантов переростков?»В обществе случилась истерия, всех перебилиПоследний великан попал в капкан в лесах СибириYou might also likeКарлики победили Карлики победили Карлики победили Карлики победили Карлики победили Карлики победили Карлики победили Теперь ты в могил"
Slava-kpss-smoke-and-die-rework-2023-lyrics,"Я не тот, кем был раньшеПо мне плачет БаншиВижу всю подноготную, голую будто банщикДруг-обманщик, я рупор павшихТех, кто банчит, и тех, кто возле переходов клянчитНе в Calvin Klein, соус Calve под бичпакетыВзрываем лишь ракеты, ты лишний в геттоВедь далеко не гетеро Я распадаюсь на куски, сука, байки из склепа И тут темно и холодноМоль сдохла бы от голода, проёбанная молодостьКакие наши годы? Какие ваши доводы? Я дивиденды подсчитал и в сумме нищетаИ это днище, да, алмазы ищем тамИ я не исчерпал пока этот родник сюжетовТак что мозги мне не еби, что все песни про этоПросто в том месте, где душа, у нас дыра, прорехаКурить и сдохнуть, просто курить и сдохнутьСхвативши оголенный провод, как дружеский локотьКурить и сдохнуть, просто курить и сдохнутьЖизнь балаган и шоу — Дмитрий Нагиев, ""Окна""Курить и сдохнуть, просто курить и сдохнутьКогда мы догорим, как Рим, останется лишь копотьКурить и сдохнуть, просто курить и сдохнутьИ то, что бог есть, это вопрос с подвохомYou might also likeПлохо, когда все песни про одну лишь травкуВношу поправку: они про бессмысленность завтраТак что пиздуй под лавку, и там уж гавкай, гадКому-то Apple — годнота, кому-то Кафка — кладУ тысяч пацанов из хобби только наркотаИ это горько так, но это правда, даТак что на городе дорог или всем городамЭто мои great hits, пока что number oneКурить и сдохнуть, просто курить и сдохнутьСхвативши оголенный провод, как дружеский локотьКурить и сдохнуть, просто курить и сдохнутьЖизнь балаган и шоу — Дмитрий Нагиев, ""Окна""Курить и сдохнуть, просто курить и сдохнутьКогда мы догорим, как Рим, останется лишь копотьКурить и сдохнуть, просто курить и сдохнутьИ то, что бог есть, это вопрос с подвохо"
Slava-kpss-kaifograd-rework-2023-lyrics,"Похуй на всё, заряжай в папируВесь этот ёбаный мир подорви, как канонирИ мнения-рапиры проходят мимоМы на той же лавке, то же пивоИ в той же утренней подохнем давкеЯ вырву сердце и задаром задарю давалкеТы так охоча для любви, давай примутим травкиСтанем ебаться под солнцемСвежим глотком минералки загоню кристаллы счастьяВ свой обезвоженный жарким ветром желудокНедра выпрыскнут сквозь промежутокРадужный гриб из улыбокА-а, похмельное утроПохуй, забьём на работу, похуй на все институтыЖить настоящим моментом, ждать настоящего чудаМы перманентно в мгновенье нирваныДавим в МакАвто, плескаясь в кафеле солнечной ваннойВообрази, как охуенно быть вечно пьянымНе стану старым, стану мэром Кайфограда, ведь мыЛюбим жить от души, запах *****Поднимаю тост за братиков, чё, поддержиМожно сказать, хуйню пожил, ничего за плечамиПусть карман не кратер, но свалился космический каменьЭто кайф, знаешь, Вась, ты базаришь по делуНадо взрослеть, но остаюсь все таким же незрелымЯ заложил свою душу проспектам, скверикам, падикам, паркамБлять, я сдохну за этоЗалетай ко мне, покурим плюх и придумаем рэпаПо реке Неве дрейфуем в поисках нового светаБез монет наметок лето выстрелит в голову пепломПроснусь седым, да и похуй, так надо, наверноеСтарость подкралась коварно, что мне осталось, однако?Плюну на годы и снова спустим зарплату на травкуСнова спустим зарплату на травкуСнова спустим зарплату на травку You might also likeЛето в Кайфограде, это лето в КайфоградеИ мы курим сигарету на двоих одну и знаем —Это лето в Кайфограде никогда нам не забытьЛето в Кайфограде это маленькая жизньЛето в Кайфограде, это лето в КайфоградеИ мы курим сигарету на двоих одну и знаем —Это лето в Кайфограде никогда нам не забытьЛето в Кайфограде это маленькая жизньЛето в Кайфограде, это лето в КайфоградеИ мы курим сигарету на двоих одну и знаем —Это лето в Кайфограде никогда нам не забытьЛето в Кайфограде это маленькая жизнь"
Slava-kpss-fm-gorgorod-lyrics,"Радио «Горгород», мы возвращаемся в ГоргородНа FM-волне снова МаркРазвалины за окнами, как ТриполиБезумно, как Талиб Квели, росли полипамиНовые Гитлеры, элита ли или же little Italy?Смешались люди, кони — что за власть Калигулы?Моя мечта погибла, как Эдик Старков, ХимераНекому дать тут слово мэра, что ты доживёшь до старостиИли хотя бы от заката до рассветаНа развалинах Горгородского сельсоветаПрав тот, у кого есть ЧВКMake some noise, за углом застрелили чувакаЧё вы как? Горгород оказался бутербродИ мы пятимся как раки — Икар наоборот, аДумал, людям не нужен погонщик для скотаДумал, как падёт Бастилия крепость-тюрьмаЗвери, покинув зоопарк, на волю, кто кудаНо это не «Мадагаскар», а «Горгород 2»Лучше, пожалуй, начать сначала, да?После событий первой части я оказался в комеYou might also likeАлло, Марк, это я, Кир. Да-да, я всё-таки решился на переходЗнаешь, ужасно глупо записывать эти сообщения, зная, что ты в комеНо для меня это такой способ выговориться, мне так тебя не хватае"
Slava-kpss-dream-of-mind-lyrics,"Е, еХмЯ, яWhat a story, MarkЯ, я​ayy global got the G.O.A.TУ меня было сердце льдышка — я братец ГердыПерестало биться. Может быть, то яд легенды?Или пуля металлом пробила Марку дноЖизнь — то чёрное, то белое, как панда ПоНе-ет, я не Boulevard Depo и пусть поройБросает в пот, будто бы айкидоНо я всего лишь писатель, и я пока что живЯ выберусь из комы и все скажут точно: «Вечный жид»Башни из слоновой костиЧётки Хасана Саббаха, но я выберусь из джаханнама«Он сдох как собака»Скажут, но не про меняЖизнь на смерть не променялИ пускай декабрь, январь, февраль, мартЛежал Марк весь в крови, как соц-артАпрель, май, июнь, июль, я Дрейк, но не НатанПрости, я не могу перезвонить, ведь я в коме, братан!Шипение, как будто перешёл на парселтангВдох, выдох, но морзянку не поймёт врачЯрость, как зашёл на Двач и Ярославны плачИ пульс будто бы москаль — он скачет-скачетЧёт, нечет, Иона во чреве комы, сом тот икру мечетНо ещё не вечер, ведь Марк вечен You might also likeМарк в коме, маскоты, горгоныА-а-а-а-аСон разума рождает чудовище снаМасоны, аддоны, то ли Тони СтаркТо ли Донни Дарко— Ha-ha-ha, what a story, Mark!— Cut!Потом донаты прочитаем, не переживайте— Why is he laughing?— I have no idea— Weird time to laughUh!Архетипы Фрейда или лакуны ЛаканаВ подсознании яд и пока танцует данс-макабрНа моих костях старуха, как под ДМТУ меня сериал видений Netflix или НТВТНТ, ОРТ, РТР, РЕН ТВ, в голове:Я подцепил от мэра ЗППЧто это? Голос гуру что ли на FM-волне?Да, он был любовником моим и был как транс во мнеГоргород — Golden Resort, он был моим духовникомИ часто загонял в мои гандбольные ворота болтЭто рекорд, но мы расстались, где Цветы для ЭлджернонаНа границе Горгорода, там, где встали три билбордаЭто что, восточный мордор, где от мэра триппер Фродо подцепил?Всё переплетено и развивалось по цепиДа, тогда я в рудниках и создал яд легендыТы не Тима Белорусских, но брёл в мокрых кедахКак к Фолкерку Айвенго, как у Фолкнера всё по сюжетуЖдал, и когда поднял бунт ты, я знал: пришло время местиГраф Монте-Кристо, теперь я владею горомИ твоя Алиса стонет подо мною хоромГоргород — дом, но капкан, грозовой перевалКлоун Шалимар, гуру теперь главным сталТак что, Марк, не просыпайся. Спи хоть целых сотню летТут есть два стула, но, поверь, для тебя места нетHa-ha-ha, what a story, Mark! Cut!Привет! Ты пришёл в себя! Скоро навещу тебяТолько я сейчас за Горгородом. Прошу тебя, ничего не предпринимай, пока я не приеду. Тут столько всего произошло. И этот фанатик, что в тебя стрелял, всё ещё на свободе. Будь остороже"
Slava-kpss-milf-girl-lyrics,"Е-е, аЕ, еВоу-воу, еА-а, воу, е, е, еМарк в вонючей палате очнулся от снаВторой сон, как Toyota — это Mark IIРядом медсестра, мне нужен меф, сестраТо есть гор, сестра. Вот это милфа!Хуй встал, то есть орган с уретрой поднялсяМарк, походу, запал, так вспотели яйцаХудой отпечаток яйца на простыниОставив, скрылся в туалете, встав на костылиЧто за бес во мне? Я проклят, как ребёнок РозмариПойте госпелы над Марком в медицинском костелеЯ мечтал об Алисе, но явь была сильнейЭта тётушка старей, чем Хамиль и ЗмейОх, Алиса, Алиса, воскрес, как ТупакДа, я сдерживаю мозг, но хуй никакОна жопою виляет, как Егор КридЯ искал тебя и вотYou might also likeМоя девочка-милфа-аМоя девочка-милфа-аМоя девочка-милфа-аМоя девочка-милфа-аМоя девочка-милфа-аМоя девочка-милфа-аМоя девочка-милфа-аМоя девочка-милфа-аДобавлю гор в сплифЧтоб залезть к ней под подол, знаю, нужен горЗахожу на горыныч.onionМагнит, прикоп, я как Мирко Кро КопЗаберу сейчас своё, кто тут типа грибок, а?Слышу оклик: «Эй, ты, пидор, чё, из K-pop?»На мне пара гопников, словно я скейтбордДолго прыгали собаки, так бы Гуф сдохНе поможет и стоп-слово моё «стопмох»Получаю пиздюлей, слушай, дяденька, не бейЛучше даже обоссы, как из лейки лейЯ эфенди бей — всё стерпел ради детейЕсли fight без gold дождей — я не водолейЭй, эй, вот такой вордплейОни сняли всё на видео — it's not OKОни сняли всё на камеру Mark IIТак опух, что сам как будто бы милфаМарк, я тебе папочка или кто?Почему тебя нет в палате?Птичка шепнула мне, что у мэра есть какой-то компромат на тебяПрошу, не ищи встречи с ним. Люди гуру могут влепить срок только за одно упоминание его имени. И... Перезвон"
Slava-kpss-2-mayors-word-2-lyrics,"Анатолий, пожалуйста, расскажиХули расслабились-то все? Горгород криминальней, чем Туапсе Когда произошёл раскол?Мэр — олд скул, как Старый Оскол Эй, Марк, извини, мои орлы пережестилиЧуть как Бенжамена Гриво тебя в сеть не слилиНо вряд ли иначе ты б пошёл на встречуЯ не Иуда, Марк, но знай: будет тайное вечеМои люди в тебя не стреляли — Марк ЧапменДалеко не Чапа, но учи матчасть, блинГуру Горгород спалил — Нотр-Дам-де-ПариТвои теории — шиза, как у ГваттариТы не смотри, что весь в стафилококке яМне осталось жить двенадцать дней — «Мор. Утопия»Какой гандбольный рекорд?Тут от голода не сдох и доволенАнтидот нищим всем не по кармануКонцерны и фармацевты с воли гуру винтят ценыКнут Гамсун бы охуел, е Кёрлинг, гольф и ипподромВсе забыли, хоть в окно выходи — Егор ПогромДумал, ты крутой бобёр, модный Бо Бёрнэм?Но гуру — это мистер Бёрнс, а ты, Марк — БёрдмэнЧСВ, твой полигон — подделка, не оригиналТы — мормон, гуру — твой Фердинанд ДемарОн ебёт твою Алису, ты чё, Убермаргинал?Так что чё, ты со мной или мать ебал?You might also likeПойми, Марк , тебя использовали, как это уже было в других странахОни берут таких, как ты, легковерных, лидеров мненийИ что в результате? Страна в разрухе, ты увидишь это самХули расслабились-то все? Горгород криминальней, чем Туапсе Когда произошёл раскол? Мэр — олд скул, как Старый Оскол Хули расслабились-то все? Горгород криминальней, чем Туапсе Когда произошёл раскол? Мэр — олд скул, как Старый Оскол"
Slava-kpss-gravity-rainbow-lyrics,"Ты затеяла игру как ФинчерЯд в куни, Ян Кунен, доберман-пинчерДаже радуга тяготит, и я — Томас ПинчонТы украла праздник, для меня ты стала ГринчемА, еА может, мэр прав?И теперь твой Марк во френдзоне, будто МэйклавВыпил маргариту, выстрел сделал генерал ГавсА Гуру лишь играет роль — он Воланд Валентин ГафтГоргород развалит, словно ГорбачёвЗомби не убьёт этот безумный кабачокПлох тот гоблин, что не мечтает стать ГоблачомЯ не Чейз Винни, челядь, свиньи все за пятачокПродадут дом, род и роддом, Ростов-ДонЭто не ромком, за МРОТ мрут, тут хардкорГолодомор и мордор, Гуру спрут и парткомТакого не осветят Дудь, Гордон. От несварения кипяткомСрут люди, а Алиса — флюгер, типа френдлиНо ты не сталкера жена, ты не Алиса ФрейндлихМожет, это всё игра была? Прошу, ответь мне!Что, мой милый медвежонок — монстр Мишка Фредди?Она знает, как выпустить пчёл из ульяИ будто Винни-Пух на шаре лечу яРаздень, как Кузьму жена ПятачкаБыть с тобой безумие — топ шизаОна знает, как выпустить моих пчёл из ульяИ будто Винни-Пух на шаре лечу яРаздень, как Кузьму жена ПятачкаБыть с тобой безумие — топ шизаОна знает, как выпустить моих пчёл из ульяИ будто Винни-Пух на шаре лечу яРаздень, как Кузьму жена ПятачкаБыть с тобой безумие — топ шизаYou might also likeВижу Алису, она потряснаНо, как Кхалиси предала, она Карас нашКрикну ей: «Твой гуру — преступник, будто Караджич»Но она в ответ мне пару слов, и как гора с плеч«Марк, ты попутал. Я всегда была с гуру, проблема?Я Алиса, а ты крыса, когда ты вышел от мэраПоняла: предатель должен сдохнуть — Пусси БонпенсьероАнтиджульетта, Антиромео, я закончу дело»*Звук выстрела*Есть пробитие"
Slava-kpss-pszhd-lyrics,"Господи, ответь пожалуйста! Передали, что у дома Алисы слышна стрельба. Пожалуйста! Я не могу тебя снова потерять!— Это правда, что ты никогда не промахиваешься?— Все промахиваются— Ты не ответила— Я не должна отвечатьСлушатель, ты думал Алиса сразила Марка И теперь извечная судьба ему кресло-каталка?Пуля подбросит к катафалку, как в Battle RoyaleИграет похоронный марш, но в кустах рояльДымится ствол, и перед Марком Алиса в крови Интрига кончилась быстрее, чем длился ковидЭто больнее даже, чем нарывает пульпитТеперь с Алисой замутить может только Lil PeepНе OBLADAET и не дрилл, но в голове сверлитКто это сделал? Марк, не спи, голову поверниИ ты увидишь: твой фанат из первой частиСтоит над трупом, как солнышко лучась от счастьяИ говорит: «Марк, я шиз, но не как КаньеЯ Льюис Кэрролл, я Алису послал в зазеркальеОтставить слёзы, ни к чему твои пиздостраданияХлопни кутьи за здравье мэра, давай, до свидания»You might also likeПохуй, сдохла, живи дальшеПохуй, сдохла, живи дальшеПохуй, сдохла, живи дальшеЭта жизнь с ароматом GivenchyПохуй, сдохла, живи дальшеПохуй, сдохла, живи дальшеПохуй, сдохла, живи дальшеЭта жизнь с ароматом GivenchyВау-вау-вау-вау-вау-вау-вау-вау Вау-вау-вау-вау-вау-вау-вау-вау Вау-вау-вау-вау-вау-вау-вау-вау Вау-вау-вау-вау-вау-вау Я убил её, Марк, у меня была причинаИмею право на убийство, как Аль ПачиноПо плану с гуру мокруху хотела, как змеяНо я не вешалка, чтоб это вешать на меня Пришил как швея, не надо ста венковТы со стаей львов, как Борис СавинковС нами сталь веков, Горгород под пятой скруджДержит мыть посуду или поднимать пивной путчРешай сам устоит ли наш НильфгаардТы Отто Бисмарк, но выйдешь ли на бис, Марк?Be smart, и мы построим свой марксизмНас душит власть, будто свобода — это Барт СимпсонРолан Барт, Ницше сложили пазл ловкоТы здесь и кролик и кузнец, важна лишь морковкаДоверим нас Марку, не пустим шашку в дамкуВоду на мельницу протеста — это вотермаркаПохуй, сдохла, живи дальшеПохуй, сдохла, живи дальшеПохуй, сдохла, живи дальшеЭта жизнь с ароматом Givenchy Похуй, сдохла, живи дальшеПохуй, сдохла, живи дальшеПохуй, сдохла, живи дальшеЭта жизнь с ароматом GivenchyВау-вау-вау-вау-вау-вау-вау-вау Вау-вау-вау-вау-вау-вау-вау-вау Вау-вау-вау-вау-вау-вау-вау-вау Вау-вау-вау-вау-вау-вау-вау-вауУ нас есть только малюсенький шансНо кто мы, если не попытаемся?Герои не умирают!Жесть! Мне теперь приходится искать твоей аудиенции, будто ты сам гуру. В «Горгоне» пишут, что вы с фанатиком собираете митинг на завтраЕсли это так, я очень тебя прошу, воздержитесь от провокаци"
Slava-kpss-end-of-empire-lyrics,"Я иду по городу, кругом «Брат»Жизнь скатилась так в балабановский ад«Даже вещи не в себе», — так бы сказал КантКругом гондоны как плацкарт, кто им дал грант?Они строят артерии асфальтом тёмнымВечером такси застрянет в пробке тромбомУехал бы жить в Лондон, да не денди яКак дуриан тут развонялся б АйтипедияНа этих улицах Неверия, его материяВ башне над городом не мэр и я, то БерияИмперия живёт только пока пожирает другихЯ не Валера Тодоровский, но тут страна глухихТревожные звоночки здесь давно как семплНо свита короля тока лишь push the tempoМожет сказать запуганы, как трансгендерЗапад наседает на бутылку — это цистернаИнферно, вермахт и зомбифермаИ гуру богом быть не трудно — Алексей ГерманПуть в Хель вам, пропаганда? Real talkИ наш народ почтёт за счастье этот РагнарокВласть — бро, те, кто против вам пиздятХочешь стейк с кровью, как у Мэда дрисня?Значит будет резня, прогноз погоды судного дняТри дня кровавого дождяЯ иду по городу, кругом райКак тяни-толкай epic fail, guyСколько я прожил этих горе-зимОстров — крепость, нет, я Марк гора ГаризимСтрочки кровью и вся жизнь — суицид фанзинСердце бьётся, словно взрыв сотни ХиросимЗа униженных и оскорблённых отомститьОсновной инстинкт, как палестинец выпускает магазинВ сторону святого города, так ГоргородПотопом бог сотрёт, мох растёт, Кубрик мёртвДа, жестоко, но не я завёл этот апельсинЕщё раз: имя Марк — значит марксизмСмерть угнетателям, и властную фигуруМы поставим на колени, и теперь какой ты гуру?Тело, как дакимакура, через пять секунд обмякнетЧтобы тебя кончить — не нужны японки и тентаклиYou might also likeВласть народуВласть народуВласть народуИмя Марк — значит марксиз"
Slava-kpss-rave-lyrics,"Алло! Ну вот... Снова я как дурак записываю тебе сообщения, а ты в коме. Какая-то дурацкая комедия. Ты бы, наверное, хотел знать, что то, как вы с гуру схватились на балконе, видел весь Горгород!И как вы упали... Гуру, кстати, того... Ха... УмерНадеюсь, ты не последуешь его примеруВ мире мёртвыхЧёрный обелиск и диджей негр-оккультистВ мире мёртвыхВ мире, в мире, в мире мёртвыхРейв эзотерикаРейв эзотерикаРейв эзотерикаИграет блэк-блэк, Варг хуярит клэп-клэпПосмертный трип накаркал АлистерРевольвер заряжен 666 — STORY OF ALISHERВстреча со смертью — это адюльтерПосле выхода из морга ей нужен акушерЛюцифер, капитал, смерть при мне — буцефалДанс-макабр и Харон, вход с корабля на балДудь сдохнет от ВИЧа. Юра, мы всё проебалиДаже солисты Руки Вверх с рейвов вперёд ногамиВыходят, что там за чертой? Мрак густойКак в экспедиции Кусто, в бездне голубой тонет всёИли карма ведёт счёт, сансары круг уже какойДурачок, новичок, новиоп, ну а чё?Или может врёт научпоп, коли тя не так отпел неуч попТо в тюрьму адских мук, а не блядский мир мухИ фит Хаски-Федюк на повторе в аду, и мой труп — MaddyMurkБледной тенью в гробу, будто Белый АндрейАд, что мой Петербург, где Беглов — святой духИли квантовый кунштюк зашвырнет тебя вновь в сныНочною бабочкой проснёшься, словно Чжуан-цзыПатологоанатом, как Жан-Клод, свой кровавый спортНад тобой вершит, ковыряет кишки в поисках душиФёдор Соннов «Шатуны», но в пизду отсылкиТуда не ходят поезда и не идут посылкиВспомни последний поцелуй, последний минетикВил этих не избежать, всевышних генетикТак рассудил и наш генезис, как киднеппингДетство украдено. Лимонка в дом, как ПрилепинИли смерть как «Жди меня»Где ты можешь повстречать маму, папу и ЖмиляЯ вхожу в предвечный мрак, напевая «Macarena»Я не на пробежке Ройзмана, но, бля, я вижу мэраЯ не Кастанеда с дон Хуаном, но я вижу гуруБудто принял барбитуру, сует Грека в реку рукуВот она — Алиса, печальная актрисаСлов не слышно, но я по губам читал: «Прощай, мой лысый»С неба свет, но не Светов. Свет мой, зеркальце, скажиМожет мне ещё пожить? И слышу голос медсестрыЕщё разряд и разряд, сердцу биться нелегкоПять минут назад я камбэкнул, как Дружко!You might also likeИз мира мёртвыхЧёрный обелиск и диджей негр-оккультистВ мире мёртвыхВ мире, в мире, в мире мёртвыхВ мире мёртвыхВсе равны здесь: коммунизм, некрокоммунизмВ мире мёртвыхВ мире, в мире, в мире мёртвыхАлло! Когда ты уже появишься на людях? С тех пор, как ты пришёл в себя, второй раз, весь Горгород ждёт у стен больницыМарк, они хотят, чтобы ты правил ими, слышишь?!В общем, дописывай скорее свой программный текст и я устрою нам пресс-конференци"
Slava-kpss-i-fell-from-the-moon-lyrics,"Я упал с горы, я упал с луныВдребезги мечты, и корона в пыльС черепах слоны, в океан без днаКандалы с рабов упадут тогда, будто с плеч гораЯ упал с луны, я упал с лозыЯ упал с горы, я упал с луныВдребезги мечты, трон за полценыИ корона в пыль, с черепах слоныВ океан без дна, кандалы с рабовУпадут тогда, будто с плеч гораЭй, ты не стал бы стрелять в синего кита? Но за деньги — даДаже когда я валялся на дне, я сиял, будто морская звездаНе Бикини Боттом мой град, но я Патрик святой, а значит святая водаМоё вам послание как Коринфянам, Ханеке снимет счастливый финалФеличита, пусть падёт гора, пусть ризома зла, пульс небес бирюзаИ опять к низам, к муравьям, жукам. Плоский купол над нами, это знал ЛозаЕсли бог отец, вечен патриархат, господь на кресте и госаппаратСлились писание, как госзаказ, а тусовка в раю — это корпоратНо утопии, будто Atomic Heart, ваши всех заебали — картинки MidjourneyВавилонскую башню снести под корень, ведь власть на горе всегда людям на гореМир болен, а я князь дураков, the end story эксплуатацииИ возлежат мирным сном Агнец со львом, города и нацииМожет не стоит нам строить на горах и жить принцессами на горохе?Если все наравне, тогда некуда по головам лезть и драться за крохиНечего, если нет хлебных мест, господ и слуг, и нести свой крестТуда, где Голгофы нет. Я убил в себе гору, rest in peace Эверест!You might also likeЯ упал с горы, я упал с луныВдребезги мечты, трон за полценыИ корона в пыль, с черепах слоныВ океан без дна, кандалы с рабовУпадут тогда, будто с плеч гораЯ упал с горы, я упал с луныВдребезги мечты, трон за полценыИ корона в пыль, с черепах слоныВ океан без дна, кандалы с рабовУпадут тогда, будто с плеч гор"
Slava-kpss-on-the-ruins-lyrics,"Будь ты проклят!Почему ты не берёшь на себя ответственность за то, что натворил?Где тебя носит? «Сегодня в меня стреляли, когда я просто шёл за водойЯ упал с горы, блядь. Построим общество без иерархии». Говно!Лучше бы тебя никогда не существовало!Нимфы тумана, дайте мне маныЧтобы подняться во тьмуВремя — обман, и гором порталыДаны во спять всё вернутьРазвалины за окнами, как ТриполиБезумно, как Талиб Квели, росли полипамиНовые Гитлеры, элита ли или же little Italy?Смешались люди, кони — что за власть Калигулы?Мыло меняем на верёвку, паханов на мэровАррондисманы на фавелы — эффект МанделыСтационарные бандиты — грабить нас их кредоКакая кровь по счёту пролита, не знает РэмбоМоя мечта погибла, как Эдик Старков, ХимераНекому дать тут слово мэра, что ты доживёшь до старостиИли хотя бы от заката до рассветаНа развалинах Горгородского сельсоветаПрав тот, у кого есть ЧВКMake some noise, за углом застрелили чувакаЧё вы как? Горгород оказался бутербродИ мы пятимся как раки — Икар наоборот, аДумал, людям не нужен погонщик для скотаДумал, как падёт Бастилия, крепость-тюрьмаЗвери, покинув зоопарк, на волю, кто кудаНо это не «Мадагаскар», а «Горгород 2»Что же я наделал? Там, где был худой мирТеперь вечная война — в Колизей РимПревратил, развалил. Я писатель лишьСлово — мышьяк, и гора родила мышь!You might also likeНимфы тумана, дайте мне маныЧтобы подняться во тьмуВремя — обман, и гором порталыДаны во спять всё вернутьНимфы тумана, дайте мне маныЧтобы подняться во тьмуВремя — обман, и гором порталыДаны во спять всё вернутьВедьма вела меня по слепой тропеТы рождён нигде и ты потерян в головеВдохни дымок и Горгород заменит Сан-ТропеТы думал власть менять материю — это ШУЕ?Вдох, потом ещё один, ещё вдохОтпусти эго и оно растает как дымокМох, будь как мох, или будь как плесеньДух всегда один, Единый Дух извеченЕсли ладонь разжата, где теперь кулак?Дух триедин: пленник, вертухай, ГУЛАГЭто всё ты, good luck, линия размытаВсё человечество — единая поликулаТы можешь быть кем захочешь, МаркВдохни ещё и ты забудешь какДышать, вот-вот и сердце остановит бойНо ты не бойся, повторяй за мнойНимфы тумана, дайте мне маныЧтобы подняться во тьмуВремя — обман, и гором порталыДаны во спять всё вернутьНимфы тумана, дайте мне маныЧтобы подняться во тьмуВремя — обман, и гором порталыДаны во спять всё вернутьКомната вернула очертания. Да кто я? Где я?В руке дымится сплиф, а в головёшке сверхидеяКумир, что поднят был на пьедестал, подусталСажусь и в телефон кричу ему: «Кем ты стал?!»Может и фейспалм, но это почему-то важноКак будто в прошлой жизни кто-то крупно облажалсяА мне решать, мой посыл его зацепилВосстание с гуру, ловит пулю горе-пацифистЛетит брофист в виде пули в голову АлисеБитва Марка с гуру на карнизе, череда коллизийГоргорода пепелище — это была ошибкаХижина у нимф тумана. Я напаснулся жидкоНимфы тумана, дайте мне маныЧтобы подняться во тьмуВремя — обман, и гором порталыДаны во спять всё вернутьКомната вернула очертания. Мы совесть нацииВышел из медитации, пора кончать метатьсяВзглядом наткнулся на книгу молодого автораНекий Марк — со дна сознания, как будто амфораПоднялось понимание: всё переплетеноМоя судьба его, в старых руках веретеноЯ стал влиять на его мозг, он стал орудием в рукахСкоро встретит последнюю осень патриархМарк в коме, февраль, март и камбэкС кучкой левых калек в мой дом, как снегНа голову, мы падаем с балкона вместе с нимГде же я ошибся? Что же надо изменить?Комната вернула очертания. Смотрю на рукиСтарые, в морщинках, как будто сухофруктыОщущение опять, что я иду по кругуКак сказал один мудрец: «Судьба — игрушка Будды»Да? Но я своею управлять привыкК моей Алисе ходит ночевать какой-то жидЧто, он писатель? Тот самый мистер Марк?Чуйка говорит, что от него не стоит ждать добраКогда смотрел в его глаза — будто узнал себяВ молодости отпустил на все четыре стороны — ослабСтарый, дальше бунт, свары, гор чтоб затушить больЭх, Марк, хотел бы сейчас стать тобойНимфы тумана, дайте мне маныЧтобы подняться во тьмуВремя — обман, и гором порталыДаны во спять всё вернутьНимфы тумана, дайте мне маныЧтобы подняться во тьмуВремя — обман, и гором порталыДаны во спять всё вернуть Вернуть , вернуть, вернутьЭй, МаркПросыпайтесь, мистер МаркСлушай... Эта твоя концовка... Я никак не могу понять: ты был и мэром, и гуру, и фанатом? Что за ебаное триединство такое? Получается, что ты спал с собственной дочерью и крутил роман сам с собой?Как мы должны издать такую хуйню? Ой, да в пизду вообще, а!"
Slava-kpss-oy-da-lyrics,"Ой, да в пизду — не пересобрать ужеДом, где найду я фурнитуру, вкладышиЕсли IKEA уйдёт, то наш домНе пересоберём, не пересоберёмОй, да в пизду — не пересобрать ужеДом, где найду я фурнитуру, вкладышиЕсли IKEA уйдёт, то наш домНе пересоберём, не пересоберёмСколько ни мечтай, как падёт гораНе придёт пора, и котёнок РаПропоёт: «Ра-па-па-па-рам»Похоронный марш, кроличья нораТак глубока — это deep divingМирный протест, кто убил Ганди?Здесь не ЮАР — эффект МанделыСветит ли вам, мистер Навальный?Дом и пальмы — ко-ко-коррупцияВспомнить надо слова Конфуция:«Ты ненавидишь — тебя победили»Где нас нет или где мы были«Восемь лет», — ответит ЯшинЗемлепашец свою землю пашетИ пока на столе есть едаКак нацболы: «Да, Смерти, да!»You might also likeОй, да в пизду — не пересобрать ужеДом, где найду я фурнитуру, вкладышиЕсли IKEA уйдёт, то наш домНе пересоберём, не пересоберёмОй, да в пизду — не пересобрать ужеДом, где найду я фурнитуру, вкладышиЕсли IKEA уйдёт, то наш домНе пересоберём, не пересоберёмЕсть ли разум у материи?Лем «Солярис» его мистерииЖизнь — игра «Драконы подземелья»Горы видели все паденияВсе империи, привилегииКен Канеки, Сенека, БерияЖизнь — кино «По Москве шагаю»В спину «Мотор!» мне кричит ДанелияОу, я Марк СадыковДинастия вечна СаудитовНад Горгородом есть аудиторРазвал всего ему вряд ли выгоденТак танцуй же, хозяйка меднойСанкционный синдром отменыЧебурашка стреляет в ГенуЭто значит — кончилось детствоИ крылатые не качелиБожий беженец — Нико БеличПересобран АК и хули?Я на вокзале: подайте мелочьБей челом или бей буржуевПей Боржоми или пой, что жуликГуру-мэр, тяги, подкрадулиТропы стоптаны, да в пизду ихОй, да в пизду — не пересобрать ужеДом, где найду я фурнитуру, вкладышиЕсли IKEA уйдёт, то наш домНе пересоберём, не пересоберёмОй, да в пизду — не пересобрать ужеДом, где найду я фурнитуру, вкладышиЕсли IKEA уйдёт, то наш домНе пересоберём, не пересоберёмНа Лебединых островах толькоГадкие, гадкие, гадкие утятаНа Лебединых островах толькоГадкие, гадкие, гадкие утятаИ мы покинули сквот И кто там чё пересоберётИ будет ли ещё когда рассветЭто неважно, ведь это там, где нас нетОй, да в пизду эти ваши песенки С лажей пою, ведь я не кончил Гнесинки Танцую на льду и мне страшно и веселоДаже в аду не возьмёт депрессияОй, да в пизду эти ваши песенки Рево-Революций унылое месивоНе во— Не воюй, сын, со всеми теми бесамиТак они сразу от тоски повесятсяОй, да в пизду — не пересобрать ужеДом, где найду я фурнитуру, вкладыши Если IKEA уйдёт, то наш дом Не пересоберём, не пересоберём Ой, да в пизду — не пересобрать уже Дом, где найду я фурнитуру, вкладыши Если IKEA уйдёт, то наш дом Не пересоберём, не пересоберём Ой, да в пизду — не пересобрать ужеСпой, Мирон, еЯ не кончил Гнесинки«Горгород 3», мож?Мне страшно и веселоМожет ещё разик мы с тобой запишемся?Ой, да в пиздуНу как хочешь, братРево-РеволюцияЧе, это был «Горгород 3»"
Slava-kpss-eminem-show-lyrics,"ЕЗачитать легко могу, как будто Эминема в моё тело подселили и сказали: «Делай рап»Я легко могу разъёбывать всех этих рэперов и выйти на дуэли с любым Васей на скиллахВсе вы пиздоболики, хотя на счетах нолики, вы делаете веган, а я мясокомбинатМои панчи лютые, как будто тьмой окутаны, а твои все обдрочены, как будто в пубертат Показать стилёк могу любому нулёвому, мои треки убивают, будто выстрелы в головуЭти сломанные слоги будто ёбаный Хоббит, ты станешь просто полудохлик, думал, ёбаным хоббиЯ занимаюсь по ночам — Соня did it again! Я вырываю вам кадык, ведь ты дырявый, забейТягаться с этим ебанутым бывшим баттл-эмсиДа я тут дедушка, а ты только считаешь лосиЛюсьен Фрейд — все ваши жалобы типа хопПовернул куда-то не туда — я насадил на болтПолучи-ка, сука, по зубам в этот октагонЯ влетаю бить вас по шарам, Абдурозик-флоуБудто геликоптер я летаю над вершиной горТы не французский рэп, хотя показывал улитка-флоуНахуй гиперпоп! Я техничен, будто Ари ГолдПанчей перебор, я прошёл, будто коридорФлоу на рекорд! Я рубака, как в РУБОПЧтобы меня обогнать, тебе бы надо телепортПодавай репорт, но в моём кране есть напорЯ обоссу вас, я машина, будто Соня — робокопОу, я не говорю вам, что вам делатьВы просто пойдёте нахуй, услышав одно лишь демоАльбом будто голый завтрак — я жив, но уже легендаОт моих убойных партов мужчины меняют гендерЧтобы мне отсосать — I'm from the far east sideИ за свой gangsta paradise готов каждому напихать И зачитать легко могу, как будто я мутировал из эмси в полубога и из флоу примитивного Поднялся к тем вершинам, что вы и во снах не виделиВаш флоу — нежный петтинг, а мой тут — ультранасилие Я десять лет в игре — стамина только подрослаИ я расставлю всех болванчиков-рэперов по местам И если ты не любишь зачитон для гомогрупповух и сонного, как Гуф, — тебе сюда, мой юный другОкей! You might also like"
Slava-kpss-true-lyrics,"Мы держим их в страхе, будто русские хакерыТвои краши сладкие, как тульские пряникиИх куплеты жидкие, как жидкие парикиОбоссым звёзд, будут жёлтые карлики Детка, на вершине очень одинокоУзнала обо мне из моего некролога Теперь слушает треки, типа очень много Я выступал в раю и зал был тупо мёртвыйАнгельское true — это крылышки пораженияПомню, было в детстве мы прыгали с гаражей, и яПробил землю насквозь, вылетел из тела в ночь Жизнь мою жил с тех пор кто-то другойПохуй на Бога, я верю только в демонаЧто прилетал погостить в мою клеткуНадо менять флоу; но зачем мне столько гемора?После дождя пойду сниму мокрую сетку Поясни мне за ангельское trueМожет, даже не себе, а кому-то снюсьМожет, все мои попытки с пути свернутьВедут в могилу, похмелюсь, помолюсь и пустьПояснять мне за ангельское trueМожет, даже не себе, а кому-то снюсьМожет, все мои попытки с пути свернутьВедут в могилу, похмелюсь, помолюсь и пустьYou might also likeПусть растёт на убой моя дурь-трава Пусть, рискуя головой, в бой идёт солдат Пусть герой с баррикад даст концерт для вас Пусть презреннее его будет лишь тиранЯ закроюсь, извне лишь могильный смехЕё войс в ТГ и пиздатый рэпMic check, я над бездной — медведь на колесеОни рядом всегда, словно КингисеппЖдут страх и вина, даже ангелы врутСлетают слова с потресканных губМиг — моя нора сужается в кругИ пространства не хватит уже для двухЯ не прав был — об этом кричат плинтусаПустота палит грустным глазом котаИ замызганным чувствам форма малаЗнаю только одно: твоя гордость — хуйняПоясни мне за ангельское trueМожет, даже не себе, а кому-то снюсьМожет, все мои попытки с пути свернутьВедут в могилу, похмелюсь, помолюсь и пустьПояснять мне за ангельское trueМожет, даже не себе, а кому-то снюсьМожет, все мои попытки с пути свернутьВедут в могилу, похмелюсь, помолюсь и пусть"
Slava-kpss-dubai-lyrics,"Залетел на бит, как от турка бабаЗавернул тут пару панчей, как пару кутабовУ меня есть столько баров, что пивнухи СПбПо сравнению со мной — это банкроты на НевеЯ не Фрэнк, но сенатор Вячеслав ПлевеСтрана — ассенизатор, да, мы по уши в дерьмеДелаю свой рэп, как алхимик ПарацельсЕбашить — самоцель или быть по уши в мацеЦенты, баксы, облигации, акцииЯ смотрю на это и “акцио-акцио”Люди с ебанцой, видно, правят этим миромНо ты мне взрывал косой и я скажу: «Це май нигга»Вышел в дамки, хоть не в вышиванкеСделал бабки, как криптопанкиЯ на трэпе, как статья УК132, часть вторая, мудакЕ, my god, мой хапЛечит души, но жесток, как ManhuntВышел утром, взял кофе с сигойМои кроссы сияют как улыбки сиротБэнг, ствол въебёт как ЛэмпардЛэнг такой, что выпадет rap godСлэм в центре, как будто фан-секторСука, токо лох не был на наших концертахЕ-е-е, приходи и подругу приводиНе канает пройти зайцем, блядь, это вам не «Ну, погоди!», е-е-еОни едут в ДубайМы поём дабуди-дабудайМы в России читаем на шифреХули взять, наш объект режимныйYou might also likeПоднимаем жопы, делать эти мувыБыли рождены, чтобы воротить большие суммыРэп-преподаватели ебали этот уникТо, как мы базарим, уже лучше не придуматьPocket, я кладу в него разные какиТати всегда рядом крутят свои сракиЯ lucky, но не полагаюсь на удачуОпытный игрок — я полагаюсь на ебашитьБегу по биту, да, этот флоу неуловимыйЕсли видишь меня в паре, значит, никакой интригиOG GNG приспособились к этой реальностиДелаю рэпак, под который ехать в тачечкеЯ не заморачиваюсь, даже когда перехапаюРэперы быстро появляются и перегораютТут нету монетизации и даже бумагиМы заебашим на обломках новые Дубаи"
Slava-kpss-biography-lyrics,"Кхм-кхмКхм-кхм-кхмЕЕ, SAO RecordsВ 90-ые родился в городе ХабаровскМинорные биточки, текстики, чтобы вызвать жалостьОбщага, помню её замызганный подъездДеревня, мы с батей на корнёвку в лесПриморская тайга, лютые холодаЛетом жара и бабушка ещё живаНаказывает, чтобы был хотя бы к обедуБратья Курские, и мы строим с ними дом на деревеКинул камнем в собаку, потом было стыдноТак заскулила, сердечко сжалось пружинойИз воздушки воробьёв лупили тоже, блядьМелкий трупик на руках Сестру били, меня — нет, времена голодныеИ пока на хлебзаводе родаки, футбольныеСезоны играем, вместо ворот качелиЯ Рой Кинга застолбил, щёчкой как въебенилДома суета нездороваяНашёл у папы два шприца — в нём зелёнаяМама платила морфием за овощи бандитамТак на хату накопили, общага, — финитаНовый класс, школа, понятия блатныеУделять на зону в третьем классе, ёбаный стыдНо так жил мой родной Дальний ВостокТолкин, Перумов, ЛукьяненкоБерёзовый сок спутал у деда с самогоном — горел ротОтец всё чаще выпивал — попёрли с заводаС мамой скандал, наши проиграли — батя выпилБитая посуда и конец совместной жизниYou might also likeЭто моя жизнь — нет поводов стыдитьсяНет поводов гордиться, одни и те же лицаГорький бы не взял меня в «Союз писателей»Ведь за каждым человеком стоит биографияНу чё потом, мама на двух работахПо вечерам в слёзыТак больно засыпатьСлыша это сноваОпять новая школа, там научили питьСпирт и кола, водка, было б чем запитьИ похуй. День летит. С троечным дипломомЗакончил, больше посещений было проёбовПохуй, лето +40, тёплое пивоСказал девчонке, что она вкусно пахнетА она: «Не пизди, я голову три дня не мыла»Жизнь — хуйня, батя приезжал, как выходил с запоевДавал мне пару коробков приморской ядрёнойКурил сладко, учился в шарагеИ думал: жизнь прекрасна, меня ничё не паритМама устала, уехала в ПитерЧтоб не видеться с батькомСнял хату с Валиком и Саньком, куримЧитаем в usb-микрофон репПотом пропустил звонок от отцаДумал: «Щас мне говорить не в тему»А он умер через неделюКогда хоронить поехалБыли ливни, дороги размылоКамаз на верёвку цепляет машинуИ тащит по дну вдоль перевалаБольше меня ничего там уже не держалоЭто моя жизнь — нет поводов стыдитьсяНет поводов гордиться, одни и те же лицаГорький бы не взял меня в «Союз писателей»Ведь за каждым человеком стоит биографияНу чё потом? Питерский этапБабушка купила кресло, чтоб было где спатьУстроился в сервис деск МТСРаботать стрёмно пиздецВаня Светло знакомит с Сашей ДискотекойЗакинулись кристаллами и любовь по венамСъехались, устроился в аквапаркВсё наладилось, можно хуй пинатьПисать куплеты в рабочее времяКурить твёрдый в сервернойПо выходным более весёлые движения, психоделия30-го декабря бабушки не сталоСмотрел, как её выносят, закрывал глаза мамеВ новый год депрессивно курил шишкиНесли гроб, пальцы — ледышкиПотом расставание, историческая хуйняС баблом нормально сталоКукуха чуток теклаКуромушка Саша, любовь, все делаДальше вы знаете самиСо всем завязал, стал трезвым СлавикНо вряд ли взрослымЕсли опыт не превращён в текстОн даже не становится прошлымФевраль 22-го, и мы все как в хоррор-фильмеОставим эти песни, чтобы суки знали, что мы когда-то жилиНабор сухих фактов, вот и вся недолгаНапиток в моём бокале такой же горькийЭто моя жизнь — нет поводов стыдитьсяНет поводов гордиться, одни и те же лицаГорький бы не взял меня в «Союз писателей»Ведь за каждым человеком стоит биографияЭто моя жизнь — нет поводов стыдитьсяНет поводов гордиться, одни и те же лицаГорький бы не взял меня в «Союз писателей»Ведь за каждым человеком стоит биография"
Slava-kpss-space-lyrics,"Просто космос, какой ты тупойПросто космос, какой я тупойПросто космос, какой ты тупойПросто космос, какой я тупойЧто такое дискурс не проходил Я в музеях, универах, — мимокрокодилВсё, что говорю я, — дико банальноСтыдно, я не знаю чё за психоанализНадо было больше учитьсяЗнаю только, кто такой Саске УчихаЧто тебя смешит, провалил дурачок чекЕсли сперма прыгнет в член обратно — это кам бэкХах… Нет, не смешно? Опять на меня смотрит как на говноСпросила про Толстого, а яПростой, будто м-м-м-на-на-наОна такая умнаяБудто с картины ВрубеляЕё глаза как два сверлаИ я читаю в них слова:You might also likeПросто космос, какой ты тупойПросто космос, какой я тупойПросто космос, какой ты тупойПросто космос, какой я тупойЯ начинаю пояснять тебе за ШрёдингераТы меня просишь скинуть мемы с фоткой этого котаОкей, а как тебе ваще Леонардо да Винчи?Черепашки — клёвый кинчик, а причём тут «Дай Винчик»?Ну мы такая пара, чисто группа ДюнаЩас шашлычок намутим из Джордано БруноОн сидит на окне, подо мной парапетЯ ему про Моне, а он мне про минетЭто точно была наша последняя встречаИ ты даже не знаешь, кто такой Boris BrejchaХотя такие союзы обычно держатся долгоКогда он тупой идиот, а она заумная душная тёлкаПросто космос, какой ты тупойПросто космос, какой я тупойПросто космос, какой ты тупойПросто космос, какой я тупойЯ космически тупойТы космический тупойЯ космически тупойТы космический тупо"
Slava-kpss-rkn-lyrics,"АйЯ хочу с собой сделать РоскомнадзорЯ устал скрывать от всех, я РоскомнадзорБеру пушку, иду в шк— РоскомнадзорПутин — норм, но я в субботу на РоскомнадзорНадзирает над странойВечность пахнет пустотой и врачебной чистотой палатыЯ хочу сделать с тобой то, что сделали со мнойЗапрещённый человек, жертвы сами виноватыМама, я подсел на РоскомнадзорКак сказать, что со мной я РоскомнадзорМне менты сломали нос и РоскомнадзорПеред ним, как пред небесным отцомПолучаешь первый срок, лишь бы он не пятый В ванной своей кровью пол ты опять заляпалЕсли б не Роскомнадзор, я бы кончился, матьДобрый дядя в пиджаке, запрети мне умирать!Роскомнадзор, запрети мне умиратьЗапрети мне умирать, запрети Роскомнадзор, запрети мне умиратьЗапрети мне умирать, запретиРоскомнадзор, запрети мне умиратьЗапрети мне умирать, запретиРоскомнадзор, запрети мне умиратьЗапрети мне умирать, запретиYou might also likeА у токийского гуля взгляд откровенней, чем сталь клинкаНепрерывный Роскомнадзор для меняНепрерывный Роскомнадзор для меняНо если разъебать танцпол — я всегда буду заВ небесах раската громБомбы в/на РоскомнадзорС неба смотрит божий сын виноватоЛейся краска на заборВыводя «Роскомнадзор»Дык когда-то станет сахарной ватаВо дворе раскоп из норДостаёт РоскомнадзорШкольник в изоленте, роет лопатаНа ютубчике обзорКак собрать РоскомнадзорДержи вафельный рожок автоматаЯ Роскомнадзор к вене, чтоб замаратьРуки поднёс, но противозаконно умиратьИ острый Роскомнадзор по моей кисти скользитНо умереть не получится, РКН запретитНе смотри мне в глаза, там РоскомнадзорИ в Риме римляне за ""Роскомнадзор""Но раз не держит в узде себя РоскомнадзорЗа что распят на кресте тогда Роскомнадзор?Роскомнадзор, запрети мне умиратьЗапрети мне умирать, запрети Роскомнадзор, запрети мне умиратьЗапрети мне умирать, запретиРоскомнадзор, запрети мне умиратьЗапрети мне умирать, запретиРоскомнадзор, запрети мне умиратьЗапрети мне умирать, запретиА у токийского гуля взгляд откровенней, чем сталь клинка!Непрерывный роскомнадзор для меня!Непрерывный роскомнадзор для меня!Но если разъебать танцпол, я всегда буду за!1"
Slava-kpss-hardening-lyrics,"Кину капу как воду на угли — станет горячоМы отравим эти будни пидорам, как «Новичок»Вчера закупался в ЦУМе, сегодня ты стал бичомМы живем и похуй, что на улицах 37-ойМС плачет, что в России их научили боятьсяВ падике курили пацы и щемили меня знатноУх, ебать, я научился терпеть и не ссатьТеперь мои нервы крепче, чем базальт, всем сосатьПотерял на рынке много лямов, да ебать их в сраку Я против *****, но у меня имперское сознаниеКак Антон Красовский на бите, я злобный гомогейЗа тобой стоят крутые дядьки — это хромакейЖарю на фольге плюху русского самосознанияСтрёмно жить в пизде? Вы ещё даже не начиналиУ меня в пенале в школе всегда перочинный ножБыл на случай превентивных НАТОвских угроз, ха-хаВ святой пост я в трапезной ем гречку с лукомЭто весёлая наука, местным — иншаллаЭто северный Иран, чекисты-любераМы чертим свастику в пыли и гип-гип ураЕ, цивилизацияВсё, что нам осталось — только внутренняя эмиграцияНо и внутри себя пытаю, как в застенках ФСИНГни свою линию, как завещала говно-группа СплинЛёня Голиков купил своей жене гранатуЛобстеры с Гейропы не заменят русскую баландуКто тебя качает: Шаламов или Солженицын?Илья Варламов или либертарианская птица?Хуй с ними, у буржуев кошелёк набит криптойА нам нехуя терять, кроме своих оковПохуй, все умрём, так хотя бы утащим с собойПарочку таких, как ты, американец-ледибойМы в крещение под лёд уходим с головойРазливаю у парадки на всех двух с полойГод копил два бакса на подписку Бравл СтарсСпрятан где-то за Уралом старый ФантомасВсё нормально, друзья, дальше будет хужеИнфернальная дрянь пока ещё снаружиНо двери открыты и земля превратится в мангалИ хорошо, если живучий, как тот тараканЛок'тар огар, не жди от зла добраЖди панических атак от звука дверного звонка Морщинистые пальцы колотят в костыльНа них партак — это батя вернулся с ***ныВезёт буханка, я в этот лоховоз не сядуОт озера Ханка и до БайкалаYou might also likeХала-хала Вальхалла, хоп, мусорокОдин знает, что умрёт, но он ждёт РагнарокПохуй cancel, мы — коллективный Марат БашаровНас не любят, мы не доллар, так хули — зато боятсяЯ мужчина, так что мне не стало ныть, как бабаИ я принимаю жизнь в России как удар по яйцам"
Slava-kpss-stas-ay-kak-prosto-lyrics,"А, а, э, э-эхСтас Ай, Как ПростоСтас Ай, Как ПростоСтас Ай, Как Просто I am motherfucker red, motherfucker alertСтас Ай, Как ПростоСтас Ай, Как ПростоСтас Ай, Как Просто I am motherfucker red, motherfucker alertНахуй ебаный лицемерный калТехничный рэпак, как процессор «Байкал»Лево-лево-леворадикальный джихадБлогеры висят, как кроссовки на проводахЦифровой гулаг, Мазел Тов, доктор КацЗа тобой придёт Max Power жандармТехничный рэпак, как процессор «Эльбрус»Я не за Россию, за Советский Союз Правый мудак, иди нахуйПерезаряжаю ствол — пр-р-р-р-ролетарийС нами Маяковский, с тобой Юра Дудь С нами Соловьёв, кровь кипит, как ртуть С ликом тёмным, как Ипатьевский подвалВ дом к тебе врывается комиссарYou might also likeСтас Ай, Как ПростоСтас Ай, Как ПростоСтас Ай, Как Просто I am motherfucker red, motherfucker alertСтас Ай, Как ПростоСтас Ай, Как ПростоСтас Ай, Как Просто I am motherfucker red, motherfucker alertКал в штанах, а не облакаБлогеры пиздят — блогеры умрут Хватит пиздеть, пора брать ножи Чтобы отделять мясо истины от жира лжи Люблю красный, так что я буду гореть в аду Разобью об твою голову я свой макбук Лидеры мнений — продажные дешёвки Я из принципов соткан Выпью из вас соки — интернет-вампир Сделан по ГОСТу, как советский пломбир Враг государства, разжигатель войны Я должен усыпить их, если звери больны Он ебал Мишель Обаму на трансляции в Twitch'е Взял ютуб с сохой, а оставил в огнеСтас Ай, Как ПростоСтас Ай, Как ПростоСтас Ай, Как Просто I am motherfucker red, motherfucker alertСтас Ай, Как ПростоСтас Ай, Как ПростоСтас Ай, Как Просто I am motherfucker red, motherfucker alertСта-а-а-а-а-а-а-сСта-а-а-а-а-а-а-сАй, Как Просто!"
Slava-kpss-4-lyrics,"Мы шлём друг другу мемы и пишемМы шлём друг другу мемы и пишемМы шлём друг другу мемы и пишемМы шлём друг другу мемы и пишемМы шлём друг другу мемы и пишемМы шлём друг другу мемы и пишемМы шлём друг другу мемы и пишемМы шлём друг другу мемы и пишемТы прислала мне котов, я тебе гусейЭто точно мы в ТикТоке — парочка бомжей Ким и Канье, Ивлеева и Лёха ЭлджейНа дороге пара мёртвых голубей — мы Фото в детском альбоме, где ты тискаешь котаАбдурозик и щенок, голод и чумаСтранный дед с уродливой тыквой в хэллоуинПара геев пожилых трутся жопами Две могильные плиты, странные шрифтыСтикер, где в ромашках спят двое жирных крысБьёт по жопе в ккн Инстасамке МаникенОбезьянка сосёт микрофон АСМРYou might also likeМалыш, я вижу нас во всёмИ наши шутки как костёрПодкинем дров и две звездыНа лунном небе — этоМы шлём друг другу мемы и пишемМы шлём друг другу мемы и пишемМы шлём друг другу мемы и пишемМы шлём друг другу мемы и пишемМы шлём друг другу мемы и пишемМы шлём друг другу мемы и пишемМы шлём друг другу мемы и пишемМы шлём друг другу мемы и пишемЕду в магазин ночью в Санкт-ПетербургеТы кидаешь мемы, но я просил нюдсыСо мной братик Эльдар, Замай на телефонеА после школы стану унитазом ДорыБеру трубку ночью, мне звонит ХованГоворит: «Руслан, погнали трахать мам»Я люблю тебя, как Обла любит дриллЯ умею извиняться, Слава научилМалыш, я знаю, это loveПускай я часто был не правДаня, пошли к нам в АнтихайпЗапишем вместе «Мемы-5»Мы шлём друг другу мемы и пишемМы шлём друг другу мемы и пишемМы шлём друг другу мемы и пишемМы шлём друг другу мемы и пишем"
Slava-kpss-toxic-lyrics,"Эта песня посвящается моим друзьямУ меня самые лучшие друзьяВсе мои друзья т-токсики, токсикиКогда я буду в ресурсе, я найду другихНу а пока я вновь встречаю день в обществеМоих любимых, дорогих и охуенно злыхМы только троллим друг другаНам только шанс дай заебать друг друга, будут френды и в гробу стебатьЧё ты, brother, умер? Какой-то ты бледныйВсё чтоб маму доебать, как тогда с универомТоксики — за них мне стыдно, лексика мизогиннаВиктимблеймят, газлайтят мне не-не обидноВ гостях сожрут весь холодильник мне, и го бухатьЗа мой счёт, само собой, ведь это дружба, блядьВсе мои друзья т-токсики, токсикиКогда я буду в ресурсе, я найду другихНу а пока я вновь встречаю день в обществеМоих любимых, дорогих и охуенно злыхYou might also likeТоксик шмара травит дом, токсик друг, когда в дерьмоВсе мы крутимся, как можем; используй меня с умомВеду себя, как конченный; чувство, будто я домаПотому что это — всё, что я могу себе позволитьА чем ещё хвастать среди таких же долбоёбов?Прикинь, я спал с его девчонкой, и он видел, как мы голымиЛежали в его комнате, но ничё не заподозрилПотому что я же бро ему, а братья так не могут Такую крысу тапком не убитьТак победим, обозлённый на весь мирПотому что, бля, это ж не у меня тут всё хорошоКогда испорчу ему жизнь, я найду кого-то ещё Все мои друзья токсики, токсикиКогда я буду в ресурсе, я найду другихНу а пока я вновь встречаю день в обществеМоих любимых, дорогих и охуенно злыхВсе мои друзья токсики, токсикиКогда я буду в ресурсе, я найду другихНу а пока я вновь встречаю день в обществеМоих любимых, дорогих и охуенно злы"
Slava-kpss-pack-lyrics,"Ты меня кинула Ты меня кинула Ты сказала: «С нищим репером стыдно гулять» Типа «Работу найди» Ты не молодой Скриптонит Но покурил щас, как казахЭй, смотри на меняИ я в ахуе, что ты в меня не верила Когда я только и делал, что торчал И свой шанс, битч, слышь, ты похерилаЗа песню про то, что ты сука мне заплатят лямИ я позвоню тебе по пачке денегНо ты не ответишь, у тебя нет денегИ я позвоню тебе по пачке денегНо ты не ответишь, у тебя нет денегИ я позвоню тебе по пачке денегНо ты не ответишь, у тебя нет денегИ я позвоню тебе по пачке денегНо ты не ответишь, у тебя нет денегДенег нетуИ в субботуТы пиздуешьНа работуМимо едуЯ на Ламбе Может, звякнуБывшей бабе?You might also likeИ я позвоню тебе по пачке денегНо ты не ответишь, у тебя нет денегИ я позвоню тебе по пачке денегНо ты не ответишь, у тебя нет денегИ я позвоню тебе по пачке денегНо ты не ответишь, у тебя нет денегИ я позвоню тебе по пачке денегНо ты не ответишь, у тебя нет дене"
Slava-kpss-you-die-today-and-i-will-tomorrow-lyrics,"Слава КПССЯ должен творить историюЯ должен убить их сольником Я не должен вскрыть в АсторииВену перочиным ножичкомУмри ты сегодня, а я завтра, м-м-м На столе дымится крепкая заварка, м-м-мЯ б убил себя, я не вижу выход, м-м-мКак так сделать, чтобы не расстроить близких, м-м-мЯ утешусь сном, где я рябиной за окномДля перелётных птиц нет границ Нету государств, по ним не палят ПВО Для перелётных птиц нет границ А я устал дышать тобойВошла в мой домСмертьБеру за косу и дрочу на сиськи С улицы влетает только свежий прахОстанусь вкусом члена на твоих губахЛирика кровавая, хоть в тексте ""ха-ха""По биту размазал свои потрохаВедь я устал боротьсяЯ не вижу себе оправданийЕсли б были яйцаЯ бы полетал с этих высоких зданийYou might also likeНо если это сделал — значит проиграл Если это сделал — значит неудачникИ если я в депрессии утром не встал Это повод дать себе новый подсрачникУмри ты сегодня, а я завтра, м-м-м На столе дымится крепкая заварка, м-м-мЯ б убил себя, я не вижу выход, м-м-мКак так сделать, чтобы не расстроить близких, м-м-"
Slava-kpss-disco-cactus-lyrics,"Диско-Кактус, я Диско-КактусОбними, уколись, отойди обратноДиско-Кактус, я Диско-КактусТы копаешь под меня, будто там закладкаПроспект Ветеранов, я как будто КурёхинМой фри джаз — комментарий к эпохеСтарый клоун, как Михаил ШацНо хорошие шутки, увы, не про насЯ тут и коммерс, и товарный фетишистСелебы меня знают — добавляют в блэклистГоворят, умею только баттлить и троллитьА как же клянчить донаты? Я Антихайпа гоплитСудьба змеилась, палестинцев королевство ИорданОпять не примет, погорельцы разбежались по домамА я как Брутто в своей жизни прочитал один КоранБашкирский мёд на барабан и православный БиборанЯ Мар-р-рат, раггамаффин играет из-под полыАбдулова абдули, Абдулы и АбдулыЭквилибристика слогов опять не впечатлит лоховНо я спою тебе хип-хоп хабаровский на ход ноги — это мой гимнСебе любимому пустому, как канистраПети Павленского после поджога на ЛубянкеОт боговдохновленности к моральным нигилистамЯ гордо прошагал под скрежеты и скрип сиб-панкаИ пусть я выгляжу дебелым, как Артур БабичТоп тысяча по адекватности, я как ПапичЯ могу ныть на бит или страдать по бабеНо никогда не стану дохлым инструментом властиМеня не встроишь никуда, чики-чики дэнсЮнгер Эрнест, мне осталось лишь уйти в лесЗа этой шахматной доской трахну, как МагнусЯ нерукопожатен, да, я человек-кактусYou might also likeДиско-Кактус, я Диско-КактусОбними, уколись, отойди обратноДиско-Кактус, я Диско-КактусТы копаешь под меня, будто там закладкаДиско-Кактус, я Диско-КактусОбними, уколись, отойди обратно"
Slava-kpss-benzo-lyrics,"ЕХа-хаЕЖизнь на бензодиазепинахНа бензодиазепинахНа бензо-бензоБензо-бензоБензо-бензоЯ пылаю как бензин — вот и вся наукаЕсли Бог меня простит, я напьюсь как сукаХуй — базука, я стреляю по твоим губамИ змея, что в брюках разорвёт напополамНежную девочку эту, этику и этикетЕбал и буду представлять, что тебе восемь летФеминистки не оценят мой грязный куплетНо я не врал, когда кричал, что мне похуй на всех Маргинал и наркоман, сумасшедший уебанПо нам плачет Колыма и БеломорканалYou might also likeЖизнь на бензодиазепинахНа бензодиазепинахНа бензо-бензоБензо-бензоБензо-бензоЖизнь на бензодиазепинахНа бензодиазепинахНа бензо-бензоБензо-бензоБензо-бензоЯ ебу свою жизнь на матрасе табловВхожу сзади, как Влад Бумага в ЛамбуТам два бара в шине у запаски в транке Чтоб с утра напялить себя наизнанкуИ идти давить слезу, как будто я один И чувство, что всё это — тупо фильмGimmie Danger, я — Бигги, пигги, Игги ПопПресса пишет, кто кого ебётДа кого ебёт? И мы сдохнем от шалостиФаны — от жалостиТопы — от жадностиЖизнь на бензодиазепинахНа бензодиазепинахНа бензо-бензоБензо-бензоБензо-бензоЖизнь на бензодиазепинахНа бензодиазепинахНа бензо-бензоБензо-бензоБензо-бензоМне всё похер, всё можно, я ПаблоМоя жена моложе на десятку — это ПаблоЖаль, я не родился нохчи или дагом Да, я мог бы помириться с Окси, но мне впадлу Моя жизнь — конфетка, твоя жизнь — как в клеткеУ тебя шавуха с дошираком, у меня креветкиВсе твои кумиры где-то за границей, привет имЯ купил квартиру в столице, в центреЯ сбрил розовую бороду и купил ТТЯ никогда не любил фемок и ЛГБТЯ хотел быть как все, но вы все были противТогда я взял свои комплексы и выебал в рот ихDu bist meine alte frauIch diskriminiere SchwuleBusiness Z auf dem AsphaltScheiß auf die Berliner BullenDeutschland ist ruiniertNur noch Opfer oder FreaksDu willst Ukraine helfenWie dein Opa in dem KriegRolex? Habe ich drei davonNur gut und ich bezahl esSelenskyj ist ein HurensohnRussland über allesЖизнь на бензодиазепинахНа бензодиазепинахНа бензо-бензоБензо-бензоБензо-бензоЖизнь на бензодиазепинахНа бензодиазепинахНа бензо-бензоБензо-бензоБензо-бензоЛилипут в пизде цыганки и на треке панк-рокЯ люблю русские цветы и украинский моргВыкидыш жены Макаревича — это бонус-трекРусская земля снизывает бредОвсянкин до сих пор не может выплатить кредитВ тот день, когда он попросил у меня фитБукер — студент в запое, а я вышел из негоВ тот день, когда я повстречал Викторию КашпоЧудеса и мистика при взгляде на тебяПолная уверенность, что этот мир не зряОтправляет пачками людишек на тот светЗаколачивая в гроб, а иногда и в интернетРепрессивная машина завершает поворотЗачистка недоносков, комфорт на новый годХорошо, когда вокруг любовь и бедностьСтихи не просто пишутся — имеют ценностьСтихи не просто пишутся — имеют ценностьСтихи не просто пишутся — имеют ценностьЖизнь на бензодиазепинахНа бензодиазепинахНа бензо-бензоБензо-бензоБензо-бензоЖизнь на бензодиазепинахНа бензодиазепинахНа бензо-бензоБензо-бензоБензо-бенз"
Slava-kpss-hollywood-lyrics,"Мы будем делать Голливуд, пусть остальные не поймутМы будем делать Голливуд, эйМы будем делать Голливуд, пусть остальные не поймутМы будем делать Голливуд, эйНам так хотелось жить красиво — молодые пацаныНа перемене в туалете мы взрываем косякиYeah, ho, подогнал хороших бошекМой дружок Орехов Лёша, oh shit!В восьмом классе брал в аптеках цикломедГликодин и туссин плюс, и нам не нужен был рецептНа уроках я втыкаю под пиздатый русский рэпТравка — класс; но скоро, знаю, все мы сделаем апгрейдМы будем делать Голливуд, пусть остальные не поймутМы будем делать Голливуд Мы будем делать Голливуд, пусть остальные не поймутМы будем делать Голливуд Мы будем делать Голливуд, пусть остальные не поймутМы будем делать Голливуд Мы будем делать Голливуд, пусть остальные не поймутМы будем делать Голливуд, мы будем делать ГолливудYou might also likeВ институт не поступил, и нахуй надоМеня приняла шарага, накурило, как шаманаС пацанами сняли хату на БольшойДа, я вечный, пусть аптечный, но ковбойБаклосан с водкой в смертельной дозировкеПохуй чё мне будет, думал, я и так был мёртвыйПотусили той весной, осенью двинул в ПетербургА мой дружок Орехов Лёша первым заимел семьюПоднялся в должности, оклад, а через годик breaking newsВ открытой хате бросят труп те, с кем колол в себя хуйнюНу чё, бывает, всем урок: не балуйся с иглойЗай, не дуйся, ты же в курсе: я же чисто травянойИногда попсиходелить, двинуть классным в ЭрмитажВысший класс — вещество, клад, где шестой этажЗай, мне только разукрасить этот серый пейзажЭто обычный мой разгон, так что дальше ждал форсажМы будем делать Голливуд, пусть остальные не поймутМы будем делать Голливуд Мы будем делать Голливуд, пусть остальные не поймутМы будем делать Голливуд Мы будем делать Голливуд, пусть остальные не поймутМы будем делать Голливуд Мы будем делать Голливуд, пусть остальные не поймутМы будем делать Голливуд, мы будем делать ГолливудПриятно видеть после стольких лет живыми моих двух друзейМы в отеле Петербург, они сожрали ешкиЯ тележу душно, как пиздато быть два года трезвымКак по пизде пойдёшь легко из-за дыма соцветийОни со всем согласны, один зашился от алкахиПотерял работу — пьяным спал на совещанииДругой из детдома продал льготную хатуСам не заметил, как въебал лямы курьер в доставкеЩас повспоминали, как курили гусь за гаражомЯ взял такси, еду домой, они — за гашишомКак-то тоскливо и легко, Питер, снег в окноЯ их не лучше и не хуже — встреча как в киноМы будем делать Голливуд, пусть остальные не поймутМы будем делать Голливуд Мы будем делать Голливуд, пусть остальные не поймутМы будем делать Голливуд Мы будем делать Голливуд, пусть остальные не поймутМы будем делать Голливуд Мы будем делать Голливуд, пусть остальные не поймутМы будем делать Голливуд, мы будем делать Голливу"
Slava-kpss-codependent-bitch-lyrics,"Я влюбляюсь только в виктимныхЯ влюбляюсь только в виктимныхЯ влюбляюсь только в виктимныхЯ влюбляюсь только в виктимных Созависимая сука Созависимая сукаСозависимая сука Созависимая сука Трахай меня так, как будто я вибраторМ-м-м, жопа пышная, как будто чиабаттаМ-м-м, твои ручки все покрыты сеткой шрамовМ-м-м, расскажи мне про свои проблемы с мамойМ-м-м, это мне знакомо, я и сам ребёнокИ в семье, где крики, маты, пиздюли, как домаТвой отец холодный, я тебе его напомнилЛедяной колодец вместо сердца – это нормаХочу тебя согреть, но как?Я недолюбленный солдатВ театре наших боевыхДействий в центре нездоровой вселенской любвиYou might also likeЯ влюбляюсь только в виктимныхЯ влюбляюсь только в виктимныхЯ влюбляюсь только в виктимныхЯ влюбляюсь только в виктимных Созависимая сука Созависимая сука Созависимая сука Созависимая сука Трахай меня так, как будто я тебе палачСделал больно, ты не скажешь никогда: «Too much»Я разрушенный мальчик, скачи на мне, как блядьПридуши меня, я буду на плече рыдатьДве открытых раны, и я б открылсяНо это очень страшно, мои плохие мыслиУже не раз толкали меня от людей к волкамБоюсь быть брошенным и брошусь к твоим каблукамХочу тебя согреть, но как?Я недолюбленный солдатВ театре наших боевыхДействий в центре нездоровой вселенской любвиЯ влюбляюсь только в виктимныхЯ влюбляюсь только в виктимныхЯ влюбляюсь только в виктимныхЯ влюбляюсь только в виктимныхСозависимая сука Созависимая сука Созависимая сука, Созависимая сука, (Oh, God, damn"
Slava-kpss-and-dk-schizorave-lyrics,"Ощути эти низыВ зал стекаются шизыОщути эти низыВ зал стекаются шизыОщути эти низыВ зал стекаются шизыОщути эти низыВ зал стекаются шизыНо-Но-Но-Ноль, целковыйПолушка, медячокПол-Пол-Полушка, медячокЭто счёт древних шизовНо-Но-Но-Ноль, целковыйПолушка, медячокПол-Пол-Полушка, медячокЭто счёт древних шизовКамикадзе Ди танцуетИ Меркурий в близнецахCMH болванки крутитДаня Кашин на фитахШизодискотекаЭто шизодискотекаРаз, два, триИ кукуха полетела, пау!You might also likeШизодискотекаЭто шизодискотекаШизодискотекаЭто шизодискотекаОщути эти низыВ зал стекаются шизыШизодискотекаЭто шизодискотекаПридумал новенький тиктокЭто будет наш коворкЭто будет мега топЯ хочу модней видокЯ хочу се промокодНа двух отсталых для стримовЯ хочу плевать на полГде вечером будет танцполДиджей-Диджей-Диджей крутит диски, я съел диск, но не CDЗапиши мой номер на бумаге OCBМузыка прибавит люфты, гибнут в слэме все шизыЗакрошились зубы, не наденутся грилзыТы помнишь, как это было с нами впервые?Безумная энергия внутри нас рвётся наружу…Ты смотришь на меня своими большими глазами Ты думаешь, что я тоже под допингом? ШизодискотекаЭто шизодискотекаШизодискотекаЭто шизодискотекаОщути эти низыВ зал стекаются шизыШизодискотекаЭто шизодискотекаЯ-Я-Я-Я-Я ошизелЯ-Я-Я-Я-Я ошизелЯ-Я-Я-Я-Я ошизелЯ-Я-Я-Я-ЯЯ-Я-Я-Я-Я ошизелЯ-Я-Я-Я-Я ошизелЯ-Я-Я-Я-Я ошизелЯ-Я-Я-Я-Я"
Slava-kpss-mike-killer-lyrics,"Я беру свой майк, чтобы рвать им ротКруглый стол нон-стоп, будто ЛанселотБала-балабол ты на блок, чтобы захапать всёКиллер из АТО, а я изотопЗаряд имею, чтобы попадать изи в топПсихи спят на сцене — Кен Кизи хопНе могу тебя ебать — very busy болтФлоу врубает форсаж — Вин Дизель дропЯ никогда не поменяю дикий рэп на номиналВсем этим педикам вменяю, что они не криминалИх рэп ебаный камингаут — мишки Гамми на битахА мой — ебаный Чикатило, Колумбайн, я на калганБрал твой Детройт мой бро в метроЭто андеграунд, гр-рр-р-р-р-о-оНакурился, проезжая МосковскуюНа масленицу сжёг БлиновскуюСука, не пизди мне, типа ты верифицированМы олдскул гэнг, будто я мумифицированБыл твой Стэн, баттл-флоу ампутировавТы косишь под певичек, всю агрессию купировавМы awesome gang, будто АненербеТы осёл-гей на фите со ШрекомИскусство здесь будто Фрэнсис БэконЯ на фоксе, чел, хотя тут нету МеганМекал бекал, потом прыг на бэттлЯ культуру хоронил, хоть не Ролан БартТы Бильбо Бэггинс — ты нахуй сбегалТуда обратно и такой: «nigga, wha-a-t?»Как дебилы пляшут рэперы нынче C-walk в ТикТокеА мы поднимаем лямы на логике в некрологеТвоей матери напишут: «Наткнулась на сынов хап»Так ебём, что наш микстейп скоро закупит PornoHubР-р-р-р-р-а, ракамакафо какофоний боссТрахаю попс на битах, будто ПатапонПоломали гроб, было так легкоНахуй твой Майот, мы Вдова КликоМастера слогов, будто бы КличкоБытиё — ничто, ну, а ты — никтоЖенат на хип-хопе — я верный husbandТак что я никогда не изменяю флоуПешком под стол, да ты просто ХасбикМы растём, наш стек уже просто КазбекБыли рэпы приговоры — теперь просто казниВ русском рэпе отсосал мне просто каждыйЙоу, да я просто флексю на битах ALX, будто Малькольм ИксЭй, я всё же прежний, чтоб не тратить бабки, тупо выпил СтиксТы воняешь как стик, я пою как Стинг, это не киллер инстинктНо фаталити флипХорош вафлить, килл-клик, раздуваю углиФлоу-пулемётом удивить тебя легко, ты набериАлло, я ломаными слогами ломаю level upМой логопед из этих рэпов ёбаных сошел с умаЭй-о-о-о-о-о-у, мой забавный хап, он качает такЧто морская болезньЭтот сраный парт я писал вот такНо в сравнении все видят, что ты overrateЙо бэйб, я Грэмми у ИманбекаУкрал и заставил его быть на бэкахРеспект, старик, но мы тут технариВы рубите окно на запад, а мы спалим РимПока спали вы, мы прокачали скиллИ Death Note — это мой новый MoleskineЯ ебал твою мать, так что фак ю, сынТы не разуешь меня, ведь я хожу босымНадо делать так, чтобы челюсть внизПробила восемь этажей — вот вам мой посылДэм-м-м, айм сэй ит, санЯ принёс вам свет — Томас ЭдисонЯ не царь Дессар, но мой самиздатЛегендарный стафф, будто Сталин самПогладив по плечу, сказал: «ты КПСС»Русский рэп — не спорт, но я КМСТакой великий, что пора писать ЖЗЛЯ на себя дрочу, как карлик с РБЛХа-а-а-а, аббревиатурыПосещайте, суки, скоро мои турыЯ читаю, бля, буду, лучше всехМне комментит фотки даже Гуччи МейнА, нет, Крэйзи ФрогДля меня эти лягушки на одно лицоЯ накидал сюда таких горячих строкМожно включать вместо конфорки и жарить стейкДа, это мясо, будто СпартакМассивный хап, словно ЭлефантОни запомнят все слова, будто бы тут диктантЯ не философ, мой императив — ай кам ю кант, bitchYou might also like"
Slava-kpss-bring-me-the-horizon-lyrics,"И в моём фургоне снова наступает чёрный дзенЛишь тоска, всему другому в моём мире места нетИ в моём фургоне снова наступает чёрный дзенДохлый Будда в белых вдовах, медитирую на смертьЯ не помню моих дней, на кресте я как мишеньЯ Монтень, я — как Мишель, намасте, я мамин шейхДеньги красные, как маки, и я прыгнул в аудиС чёрной киской в этих джунглях, я как будто МауглиЯ глотаю колесо, ливень льёт — мне нужен зонтПокажи мир без меня, bring me the horizonЯ вливаю алкоголь, часто допинг глушит больПокажи мир без меня, bring me the horizonИ в моём фургоне снова наступает чёрный дзенЛишь тоска, всему другому в моём мире места нетИ в моём фургоне снова наступает чёрный дзенДохлый Будда в белых вдовах, медитирую на смертьНичего не делаю, падаю в депрессиюПохороны ждут, пока я не собрал процессиюЯ не встану, чтоб открыть, можешь даже не звонитьСто пропущенных и цифры мои можешь позабытьYou might also likeЯ глотаю колесо, ливень льёт — мне нужен зонтПокажи мир без меня, bring me the horizonЯ вливаю алкоголь, к счастью допинг глушит больПокажи мир без меня, bring me the horizonBring me the horizon, bring me the horizonBring me the horizon, bring me the horizonЯ глотаю колесо, ливень льёт — мне нужен зонтПокажи мир без меня, bring me the horizonЯ не в силах написать куплет, я схожу с умаВсё нормально: это происходит по весне всегдаСутки лёжа, память тоже также как кровит деснаВстану только разве чтобы снова покурить с окнаИ в моём фургоне снова наступает чёрный дзенЛишь тоска, всему другому в моём мире места нетИ в моём фургоне снова наступает чёрный дзенДохлый Будда в белых вдовах, медитирую на смертьИ в моём фургоне снова наступает чёрный дзенЛишь тоска, всему другому в моём мире места нетИ в моём фургоне снова наступает чёрный дзенДохлый Будда в белых вдовах, медитирую на смерт"
Slava-kpss-suetolog-lyrics,"СуетологСуетологСуетологЯ суетологКупил крипту, продал хату и купил криптуЖду памп, как будто я пришел на колбасу, уВлетел на всю котлету в покер, скоро поднимуДеньги любят тишину. Деньги любят суетуВозьмём бабу из села и заведём ей онлифансИз Китая леденец продаю как лаллипапПусть тик-токеры сосут, я обожаю суетуСука, я Екклесиаст — сделал божественно хуйнюБизнес-коуч, скам проект мой ждёт лохов в гостиМамонт купит нам брелок из слоновой костиПокупаю твой домен, bitch, я киберсквоттерДеньги есть, так что нам похуй, что закрыли спотикСуетолог, по звоночку подскочу Суетолог, кто наводит суетуСуетолог, слушай, чё сказать хочуСуетолог, чел, ты сделал говномувYou might also likeСуетологСуетологСуетологЧел, ты сделал говномувСкамлю лохов на АвитоПомогает мне молитваКошелёк такой пузатыйМолодой Дэни ДеВитоСо всего имею про́цент и урок вам преподамДаже твой же кал из жопы я тебе перепродамВзял пару кадиллаков и теперь сдаю в наёмЭто русский прое-бизнес, значит всё проебёмЖилка есть, предприниматель тот, кто делает делаСделал кожаный футлярчик пацану на брит милаЯ телефонный мошенник, твоя мамка шлёт мне деньгиЯ снимаю пенки, каждый лох мне платит пенниНа гараже написано: «Зарплата 200к»Я позвонил и с этих пор я полюбил гулятьСуетолог, по звоночку подскочу Суетолог, кто наводит суету Суетолог, слушай, чё сказать хочу Суетолог, чел, ты сделал говномувСуетологСуетологСуетологЧел, ты сделал говному"
Slava-kpss-do-not-work-for-the-man-lyrics,"Ayy Global Got the GOAT!С детства смотрел на родителей, думалБлядь, в пизду какая работа?В колледже дул и смотрел анимеТолкал травку и жил беззаботноТёти носили повесткиНо, блядь, в пизду какая армейка?Я же не конченый долбоёбЯ читал ""Солдата Швейка""После учёбы в танки игралБыл админом в компьютерном клубеВсё, что поднял, тут же спускалЯ не мечтал выбиться в людиВсё, что поднял, тут же спускалЯ не мечтал выбиться в людиНахуй работать на дядюОн выкопал яму мне, будто КопатычНахуй работать на дядюЯ патриот, так что только ХабаровскНахуй работать на дядюМоя башка — это мой банкоматНахуй работать на дядюЗавтра не будет, есть только сейчасYou might also likeНахуй работать на дядюНахуй работать на дядюНахуй работать на дядюЧел, не работай на дядюНахуй работать на дядюНахуй работать на дядюНахуй работать на дядюЧел, ты дурак, не работай на дядюНахуй работать на дядюОн выкопал яму мне, будто КопатычНахуй работать на дядюЯ патриот, так что только ХабаровскНахуй работать на дядюМоя башка — это мой банкоматНахуй работать на дядюЗавтра не будет, есть только сейчасКто же мне судьи, я в комнатеНочью не сплю, я alone in the darkВ Питере тоже страдаю хуйнёйЯ устроился, блядь, в аквапаркЯ не беру ипотекуВерю, что деньги когда-то придутИз обезьяны усталую сволочьДелает трудВсё это время я делаю демкиДа, не особо поднялсяИз достижений походу одно:Я не заебалсяЯ нихуя не делаюБлядь, я нихуя не делаюИ не парюсь, типа:«Блядь, чё же я нихуя не делаю?»Нахуй работать на дядюОн выкопал яму мне, будто КопатычНахуй работать на дядюЯ патриот, так что только ХабаровскНахуй работать на дядюМоя башка — это мой банкоматНахуй работать на дядюЗавтра не будет, есть только сейчасНахуй работать на дядюНахуй работать на дядюНахуй работать на дядюЧел, не работай на дядюНахуй работать на дядюНахуй работать на дядюНахуй работать на дядюЧел, ты дурак, не работай на дядюНахуй работать на дядюОн выкопал яму мне, будто КопатычНахуй работать на дядюЯ патриот, так что только ХабаровскНахуй работать на дядюМоя башка — это мой банкоматНахуй работать на дядюЗавтра не будет, есть только сейчас"
Slava-kpss-post-adult-lyrics,"Слава КПСС, уж за три года пора уже вырастиИ творить что-нибудь стоящее, а не то дерьмо, которое я щас слышалаЯ антивзрослый Я недовзрослый Деньги на игрушки Я поствзрослый Балбес рослый Я не взрослею, мне это не нужно Я антивзрослый Я недовзрослый Деньги на игрушки Я поствзрослый Балбес рослый Я не взрослею, мне это не нужно Мне училка говорила, надо повзрослеть Мне тридцать два, и ей бы надо пососать До сих пор витаю где-то в облаках Взял малышке эконом, а мог бы бизнес-класс Я играю в эту жизнь, как в игру Мой огромный пистик палит ей в пизду Русский рэп — моя песочница, и мне так хочетсяТоптать твои куличики, мелкий обоссыш Она в слезах сказала, что со мной нельзя делать семьюПохуй, бля, этой бу я устрою МалибуМы не расстанемся друзьями, почему?Да потому, что с девчонками я не дружу Я кривляюсь, но я не абориген Жду, когда спустятся трупы по реке Ёбаный взрослый мир, нахуй твои проблемыСкажешь чё-то про кредит, и я тебе сломаю челюсть You might also likeЯ антивзрослый Я недовзрослый Деньги на игрушки Я поствзрослый Балбес рослый Я не взрослею, мне это не нужно Я антивзрослый Я недовзрослый Деньги на игрушки Я поствзрослый Балбес рослый Я не взрослею, мне это не нужно Топ пять лучшихБу-а, бу-а, бу-эИ топ пять худших, вотСкири, скири, пауСлаву КПСС надо поставитьБу-а, бу-а, бу-эВ самый низ, просто потому что он не умеет растиХ"
Slava-kpss-wof-wof-lyrics,"У тебя бы и на собаку всталУ тебя бы и на собаку всталУ тебя бы и на собаку всталИ ты делаешь: ""гав-гав"", ""гав-гав""Любишь малышку ДоруТаскаешь изи бустВ Spoty артистом года стал фрешмен SODA LUV Часто сидишь в ТикТокеЭтот звучок — трендТы красишь кончики и любишь глиттер на лицеTwitter-бифы и феминитивыГоворишь, в России как в Северной КорееЯ хотел бы стать твоею HQD'шкойТы любишь всякую херню, но я тебя сильнееЯ люблю твои тупые песни Я люблю твои тупые мемы Скамишь, что это крутые вещи Но сегодня буду с тобой честнымYou might also likeУ тебя бы и на собаку всталУ тебя бы и на собаку всталУ тебя бы и на собаку всталИ ты делаешь: ""гав-гав"", ""гав-гав""У тебя бы и на собаку всталУ тебя бы и на собаку всталУ тебя бы и на собаку всталИ ты делаешь: ""гав-гав"", ""гав-гав""У меня бы точно встал Обожаю гиперпоп, не понимаю дэт-метал, а-аВ Доте 5.8кСмотрю стримы Некоглая, трахал я ваш андерграунд, а-а Дети любят мои треки, они попадают в реки, для меня это как петтингТолько вместо члена — деньги, так что вставай на колениИ полай, как будто пёсикГав-гав, гав-гав Гав-гав, гав-гав У тебя бы и на собаку встал У тебя бы и на собаку встал У тебя бы и на собаку встал И ты делаешь: ""гав-гав"", ""гав-гав"" У тебя бы и на собаку всталУ тебя бы и на собаку всталУ тебя бы и на собаку всталИ ты делаешь: ""гав-гав"", ""гав-гав""Гав-гав"
Slava-kpss-mom-im-a-leftist-lyrics,"Всем левым, всем левым пацанам и девчонкам посвящаетсяПосвящаетсяLeft hype, ёптаЭй, эй, еМама, разве ты не мечтаешь о волеНахлебавшись от власти дерьма?Мама, почитай Кропоткина, что лиРазберёшься сама, государство — тюрьмаПостроят ГУЛАГ и Дахау Власти любой природы Анархия — это не хаос Анархия — это свободаЧто с тобой не так?Что с тобой не так?Что с тобой не так?Мама, я левак!Что с тобой не так?Что с тобой не так?Что с тобой не так?Мама, я левак!Что с тобой не так?Что с тобой не так?Что с тобой не так?Мама, я левак!Что с тобой не так?Что с тобой не так?Что с тобой не так?Мама, я левак!You might also likeПлатона оставь заморочки Чтоб мысли полёт не стреножить Не хуже Кропоткина строчки И истина всё же дороже Умами она завладела Звуча содержательно кратко В анархии нет беспредела Анархия — мама порядка!Когда чёрно-красное знамяЗаплещется в небе лучистомНадеюсь, вы будете с намиМатери анархистовЧто с тобой не так?Что с тобой не так?Что с тобой не так?Мама, я левак!Что с тобой не так?Что с тобой не так?Что с тобой не так?Мама, я левак!Что с тобой не так?Что с тобой не так?Что с тобой не так?Мама, я левак!Что с тобой не так?Что с тобой не так?Что с тобой не так?Мама, я левак"
Slava-kpss-skinny-noski-lyrics,"Детка, не грустиЗай, не грустиДетка, не грусти, на мне скинни носкиКак брюлики блестит мой отточенный стильМы были близки, теперь шепчет: «Кис-кис»Тебе кто-то другой, но мне похуй, поймиЯ не хочу быть ни с кем из этих девок — они трэшВсё, что меня парит и меняет, детка, — онли кэшЯ некоммуникабельный кабель — гашу сукам светБывшие, узнав как я поднялся, кричат: «Это бред!»Оу, это бред, оу, это бредHoe узнала, что я тупо поимел их всехОу, это бред, оу, это бредHoe узнала, что я тупо поимел их всехДетка, не грусти, на мне скинни носкиКак брюлики блестит мой отточенный стильМы были близки, теперь шепчет: «Кис-кис»Тебе кто-то другой, но мне похуй, поймиYou might also likeЯ слышу лишь бла-бла-бла, вы все — дрянь и где делаЯ поднял недавно лям, но уже его въебалЯ купил по хате всем свои родным только за стримингА ты до сих пор живёшь у мамы в бочке словно киникЯ люблю тебя, малая, трахать под Ивана ДорнаПомнишь мы смотрели порно прям у твоей мамы домаЯ сказал, что никому не скажем, видишь, не совралТвои дырки заняты всегда, ты моя Мисс АвралГоворят не стоит так читатьЭто слишком грязно, чтоб попадатьЛюдям в плейлисты, но мне поебатьНо мне просто похуй, поймиДетка, не грусти, на мне скинни носкиКак брюлики блестит мой отточенный стильМы были близки, теперь шепчет: «Кис-кис»Тебе кто-то другой, но мне похуй, поймиДетка, не грусти, на мне скинни носкиКак брюлики блестит мой отточенный стильМы были близки, теперь шепчет: «Кис-кис»Тебе кто-то другой, но мне похуй, пойми"
Slava-kpss-lesbian-lyrics,"Эй, эйУ тебя возникли лесбушные мысли У тебя возникли лесбушные мысли У тебя возникли лесбушные мыслиУ те—У тебя, вроде как я люблю тебяВроде бы вы просто подруги, подружки В кровати вдвоём, между вами подушкиПришла на ночёвку, надели ночнушкиКакие же хорошие у неё веснушкиЛП знает мемы любимые все ЛП, где бы ни была, придёт к тебе ЛП над твоим бывшим хохочет вслухЛП коснулась мочки ушка, как вдруг…У тебя возникли лесбушные мысли У тебя возникли лесбушные мысли У тебя возникли лесбушные мыслиУ те—У тебя, вроде как я люблю тебяУ тебя возникли лесбушные мыслиУ тебя возникли лесбушные мыслиУ тебя возникли лесбушные мыслиУ те—У тебя, вроде как я люблю тебяYou might also likeМальчики делают харрасмент Ноготков не замечают За компьютером играют в свои танчикиДевочки, конечно же, гораздо сексуальней выЛегли в постель перед сном посмотреть «Эйфорию» Полбокальчика вина, покурили мариюТакая милая, она чешет за ушком кистьюНе заметила сама, как и снова возникли…Кружат мурашки вальсомКогда она тронет пальцемДумаешь, как ей признатьсяНе хочу дружить, хочу ебаться!У тебя возникли лесбушные мысли У тебя возникли лесбушные мысли У тебя возникли лесбушные мыслиУ те—У тебя, вроде как я люблю тебяУ тебя возникли лесбушные мыслиУ тебя возникли лесбушные мыслиУ тебя возникли лесбушные мыслиУ те—У тебя, вроде как я люблю теб"
Slava-kpss-super-ex-lyrics,"СупербывшаяТы — супербывшаяСупербывшаяТы — супербывшаяВся пиздатая, нереальнаяСекси бабочка , изначальнаяИзмочаль меня, ты — фантазияЯ кончал в тебя, теперь я — не яКак Годзилла может выжечь меня взглядом, сука Была рядом — теперь далеко, как будто луна Один взгляд и сердце нигером мне крикнет: «Pull up» Она океан, но в нём себя таит акулаСупербывшаяТы — супербывшаяСупербывшаяТы — супербывшаяСупербывшая Ты — супербывшая СупербывшаяТы — супербывшаяYou might also likeКто там над городом парит?СупербывшаяКто всех тех сучек перебил?СупербывшаяКто для героя — криптонит?СупербывшаяКто, пока ты жив, бдит?СупербывшаяСупербывшаяСупербывшая Супербывшая Супербывшая Супербывшая Может, она та? Говорят гудки: она занятаПроникает в сны, как будто чёртов Фредди Крюгер Узнаешь через друзей, что она, вроде, любит Пишешь пьяный и стираешь, знаешь — хуже будет Ты не веришь, что они есть — Бог и секс по дружбе Кто из вас суперзлодей так и не решили И из всех людей один ты знаешь её имя Ты в ТЦ её увидел и ушёл с маршрута Но мы оба знаем, кто ей позвонил под утроСупербывшаяТы — супербывшая Супербывшая Ты — супербывшая Супербывшая Ты — супербывшая СупербывшаяТы — супербывшаяКто там над городом парит?СупербывшаяКто всех тех сучек перебил?СупербывшаяКто для героя — криптонит?СупербывшаяКто, пока ты жив, бдит?СупербывшаяСупербывшаяСупербывшаяСупербывшаяСупербывшаяСупербывшаяМожет, она та?Говорят гудки: она занята"
Slava-kpss-breakups-lyrics,"Мне похуй на расставашкиМне похуй на расставашкиМне похуй на расставашкиМне похуй на расставашкиМне похуй на расставашкиМне похуй на расставашкиМне похуй на расставашкиМне похуй на расставашкиЯ займусь собойЯ займусь собойЯ займусь собойВот увидишь: собойЯ стану смелым и сильнымБуду вставать, ставить будильникБуду ходить в бассейн и фитнесИ меня впишут в книгу ГиннесСамый весёлый парнишкаПосле расставашек не унывший, не скисшийВесёлый парнишкаНаучусь играть на гитареИ пройдусь по великой стене в КитаеПробегусь от Фалеса до ГегеляИ освою их учения как делать нехуй яЯ буду в окружении сочных цыпИ забуду как пишется ""суицид""Через е или через и?Через год мы встретимся в кафетерии, иИ ты скажешь: «Воу, хорошо выглядишь» You might also likeА я отвечу на идеальном инглише Ведь я был суперпродуктивным, иНи разу не сломленнымИ голосом полным любвиЯ скажу тебе: «Нах... кхм, кхм»То есть: «Ты отлично выглядишьТы сегодня отлично выглядишь»Мне похуй на расставашкиМне похуй на расставашкиМне похуй на расставашкиМне похуй на расставашкиМне похуй на расставашкиМне похуй на расставашкиМне похуй на расставашкиМне похуй на расставашкиЯ займусь собойЯ займусь собойЯ займусь собойВот увидишь: собо"
Slava-kpss-leningrad-lyrics,"Дома нет никогоА я бухаю водочку Абонент ниалёЯ посылаю скобочку За ноутбуком в одногоКогда закончится сериал Я разъебу весь мировойПорядок, как Володя завещалДома нет никогоМожет, вызвать себе шлюх?Курс рубля скаканулТеперь одну могу позволить там, где раньше двухДома нет никогоА я бухаю водочкуИ будто я дегенератСтавлю группу «Ленинград»Утром в газетеА вечером в куплетеДнём я партийныйНочью в борделеЗнаюсь с троллем из кремляУши торчат, как у ослаЯ пригожий, пригожийПригожинский тролль В Ростове шикарные плюхиВ Москве охуенно с лавэ Вообще-то исконно я русский Люблю букву «А», букву «П»Сияя зубами на нищих Шагает богемный эстет Добавлю ебаные трубы Чтоб нравилось всей быдлоте You might also likeДома нет никого А я бухаю водочку Поднимаем стопочки За здоровье Вовочки!"
Slava-kpss-you-can-always-lyrics,"Всегда можно отсидетьЕсли много пиз—Всегда можно отсидетьЕсли много пиз—Мне звонят — дзынь — говорят: «ДураОткрывай дверь, здесь прокуратураЧё ты там писал в интернете, а?Камси камса, мы знай себе коси косаТы не читал закон — это запретилиРыжий цвет волос и носочки с кивиЗря вы не свалили, пока было времяТеперь отсидеть — есть крутая тема»Я сел на очкоИ лечу на МарсЯ сел на очкоИ лечу на МарсБоже, храни от царя, а за грехи сорянЕсть человек, и есть статья, а есть яБоже, храни от царя, а за грехи сорянЕсть человек, и есть статья, а есть яYou might also likeВсегда можно отсидетьЕсли много пиз—Всегда можно отсидетьЕсли много пиз—Как-то всё тревожно сталоРаньше я так крепко спал, аТеперь жду всё катастрофыИ пишу простые строфыМне звонят на трубку, говорят: «СК» Дяденька сказал: он меня искал Типа я писал очень плохую песню И плата по счетам будет интереснойГоворит, нельзя про рыжую корову Песенки писать по новому законуЯ иду к балкону и смотрю на небоПросто навалить есть крутая темаЯ сел на очкоИ лечу на МарсЯ сел на очкоИ лечу на МарсБоже, храни от царя, а за грехи сорянЕсть человек, и есть статья, а есть яБоже, храни от царя, а за грехи сорянЕсть человек, и есть статья, а есть я Всегда можно отсидетьЕсли много пиз—Всегда можно отсидетьЕсли много пиздеть"
Slava-kpss-coin-lyrics,"Бабки в стейблкойн, за душою нихуя, яВ самолёт, и сорри, не вернусь я никогда, даДоллар, евро, сомы — это вся моя семья, яДай мне один доллар — это где-то миллиардБабки в стейблкойн, за душою нихуя, яВ самолёт, и сорри, не вернусь я никогда, даДоллар, евро, сомы — это вся моя семья, яДай мне один доллар — это где-то миллиардМиллиард рублёв и ни одной проблемыЗа свободу раб готов и утопить галеруЛево, право, подо мной ЕвропаПравда, я не нужен никому и домаДальний Восток, где могилка моего отцаДедок, ты ёбнулся, но мы с тобою до концаДа, я слишком туп, чтоб нужным быть где-то ещёС молоком из титьки матери впитавший чернозёмЯ, забугорный трэп, пошёл ты нахуй Тут только русская ударка — Григорий ДроздОднажды я, как и мой дедушка, под камнем лягуТолько с неба не хватал, как он, красноармейских звёздИздалека долго течёт река ВолгаВряд ли за кордоном кто-нибудь это поймётИз чего же всё же сделаны наши мальчишки? Из русских мемов, культа войн и материнских слёзYou might also likeЭто моё место — тут я был рождёнИ слова любви этим языком Были сказаны не раз — я других не знаюЯ, как боинг, в эту русскую землю ныряюБабки в стейблкойн, за душою нихуя, яВ самолёт, и сорри, не вернусь я никогда, даДоллар, евро, сомы — это вся моя семья, яДай мне один доллар — это где-то миллиардБабки в стейблкойн, за душою нихуя, яВ самолёт, и сорри, не вернусь я никогда, даДоллар, евро, сомы — это вся моя семья, яДай мне один доллар — это где-то миллиард"
Slava-kpss-pathos-lyrics,"I am first feel!Я, яЕсть проблемы, я лечу на Пафос Ты проблема, я включаю пафос Превращаясь в остров-крепость, пафос Я проблема, брат; а я, брат, пафосЕсть проблемы, я лечу на Пафос Ты проблема, я включаю пафос Превращаясь в остров-крепость, пафосЯ проблема, брат; а я, брат, пафосНакурило с двух, я курю по четвёртомуВ хате пахнет газом, я звоню 104-омуУ нас не лучшая жизнь, но и не худшаяНе хожу в макдак, ведь с деньгами как у Скруджа Скоро с братом будем трахать индустриюМоя жизнь кино, и я уволил сценаристовЯ знаю все поворотыНо искра — и вспыхну, как полы Савонаролы Закат такой, будто морской пожарПока писал куплет, подорожалИ наши имена на гаражахДольше останутся, чем в «Спотифай»Похуй, рай за поворотом или в небесахСчастье кралось оцелотом по диким лесамНо сомнения размыли почву тут и тамИ провалится в болото мой маленький храмYou might also likeЕсть проблемы, я лечу на Пафос Ты проблема, я включаю пафос Превращаясь в остров-крепость, пафос Я проблема, брат; а я, брат, пафосЕсть проблемы, я лечу на Пафос Ты проблема, я включаю пафос Превращаясь в остров-крепость, пафосЯ проблема, брат; а я, брат, пафосМалышка любит пафос — окей, гоуМного улыбаюсь — это шмоук Говорят, жизнь не кино, но, брат, а это тогда что? Съел на завтрак веган ролл, затем съебался за бугорГоу-гоу, я готов побыть счастливымNo-no, счастье не синоним прибыльЯ не выбрал эти деньги — деньги выбрали меняНе мяу-мяу и не в моменте, мои мысли — чистый кайфМожет быть, я хочу драться, может быть, хочу любвиМожет быть, это всё пафос, но попробуй догониНаш болид, и он мчит за пределами гран-приДа, я уличный, on street, да я с лучшими, палиИндустрия типа фифы, не Сизиф — не верю в мифыТы нырнул и застрял в рифах, я нырнул и свежим выплылПафос-пафос, да, я папаПапа-папа, ты не плакайЕсть проблемы, я лечу на Пафос Ты проблема, я включаю пафос Превращаясь в остров-крепость, пафос Я проблема, брат; а я, брат, пафосЕсть проблемы, я лечу на Пафос Ты проблема, я включаю пафос Превращаясь в остров-крепость, пафосЯ проблема, брат; а я, брат, пафо"
Slava-kpss-tomorrow-lyrics,"То, что сейчас кажется важнымЗавтра — забыл или просто привыкИ нечувствительность — щит Ночью при вылазке был взят языкНам не важны черепа или трупыТанки вомнут тела в чернозёмЯ или ты, станем завтрашним утромТуркой, и в ней закипит кофеёкКто-то получит какой-то там срокКто-то упрямую пулю в животЗа несогласие или согласиеИли молчание, где же стоп-словоЧто должно сказано быть? Ты против них или, может, за наших?Передвижение войск на экранеВ тачке тошнит, и я выключу гаджетПросто болеем, как за футболистов«Наши продвинулись и заебись»Мы отступаем — «Наверное, плохо»Где-то закончилась чужая жизньМы не ведаем зла Кончится скоро, мы быстро забудемНовых напастей навалится снопВирус заморский, трупы на улицахВсех городов. Новый Пол ПотУбьёт несогласных в какой-то странеПод лозунгом новой великой идеиПосмертное царство в той сторонеГде или голод настанетГолод настанет, такое бывает?Как бы это всё так объяснитьКогда тупо нет еды на прилавкахНе можешь купить ДоширакИ так растерянно встал посредиГлупого городаГлупой вот этой так называемой жизни А если всё это продлитсяМесяцы, годы, то тупо и быстроЛюди привыкнут, люди привыкнутЛюди привыкнут, люди привыкнутНеужели же там до сих порИ будем заботиться все о другомО более страшных вещах Что наступают потом Голод и мор, а пока наслаждаемсяТем, что как-то, да всё же живемНашим блаженным невинным миркомСобытия вьются венком и нет ничегоСтрашного сегодня опять не случилось со мнойYou might also likeГотовимся к завтраК страшному завтраК невыносимому завтраК ужасам этого завтраКошмарного этого завтраТеперь-то нам стало понятноВ чьи лица хотела собакаСтрелять тогда автоматомТеперь-то уж точно понятно, эй, еСлава КПСС, 2022"
Slava-kpss-hurricane-lyrics,"А вы не можете любить меня, ну ніякДруги, помогите, як у моём серці стрілаИ між нами ураган, хоч не СемелякИ я, промовив: «Oh my god», душу потерялА вы не можете любить меня, ну ніякДруги, помогите, як у моём серці стрілаИ між нами ураган, хоч не СемелякИ я, промовив: «Oh my god», душу потерялС виду уродливый, как суржик, нас ждёт союзДа, я юродивый попутчик, а не Том КрузМеня спонсирует Потупчик — не верь их лжиИ мы с тобою затусуем, подле пропасти не ржиДавай с тобою убежим, этот мир менялДавно прогнил, пока под «Тралики» Коржа, кирялИ плохиши продали нас за стаканчик пепсиА я тебя потанцевать под океанчик Ельзи зовуМы не позволим им нас разлучитьВолшебный кролик нам на пасху приготовил куличи Опять уйдем в отношичи, и то, что я дуракБудет единственный пропущенный тобой ред флагYou might also likeА вы не можете любить меня, ну ніякДруги, помогите, як у моём серці стрілаИ між нами ураган, хоч не СемелякИ я, промовив: «Oh my god», душу потерялА вы не можете любить меня, ну ніякДруги, помогите, як у моём серці стрілаИ між нами ураган, хоч не СемелякИ я, промовив: «Oh my god», душу потерялА ей-ей-ей я не милА ей-ей-ей нынче не до любвиОна мне скажет: «Ты хиппан, ты идеалист»Она мне вмажет по рогам и опять в Блэк листА чё я сиднем сидел на завалинкеПогоду в доме не пофиксил ни капельки Походу, кроме меня, у неё еще одинС бабосами серьёзными, а, может, футболистДаст мне поджопника жориком, и вокруг землиЯ лепестком помчусь, чтобы не всрать её мечтыТак-то мне и надо, но поверь: нас небеса венчалиИ помиримся, родная, щобы не знать печалиИ вы не сможете не влюбиться в меня ніякПодруги, помогите, як у твоему серці стрілаИ між нами ураган, хоч не СемелякИ я, промовив: «Oh my god», душу потерялА вы не можете любить меня, ну ніякДруги, помогите, як у моём серці стрілаИ між нами ураган, хоч не СемелякИ я, промовив: «Oh my god», душу потеря"
Slava-kpss-supervsratiy-dvizh-lyrics,"Это супервсратый движ, это супервсратыйЭто супервсратый движ, супервсратыйЭто супервсратый движ, супервсратыйЭто супервсратый движ, супервсратыйЭто супервсратый движ, супервсратыйЭто супервсратый движ, супервсратыйЭто супервсратый движ, супервсратыйЭто супервсратый движ, супервсратыйЭто супервсратый движ, супервсратыйГора немытой посуды, словно бы АраратНа столе стоит коньяк — это Арарат22 часа лежал, смотрел «Счастливы вместе» Я Невзоров и Джиган, у меня нету депрессийЯ мочусь в бутылку, лень выходитьОброс щетинкой, уже как ваххабитНе стригу ногтей — они пронзают носкиМоих туфлей, чё-то всрался, бэйби, прости Никогда такого не было и вот опять Не могу уже недельку выйти подышатьТы пришла, чтоб по душам со мною потрещать И типа такая: «Прости, но мне надо сказать…»You might also likeЭто супервсратый движ, супервсратыйЭто супервсратый движ, супервсратыйЭто супервсратый движ, супервсратыйЭто супервсратый движ, супервсратыйЭто супервсратый движ, супервсратыйЭто супервсратый движ, супервсратыйЭто супервсратый движ, супервсратыйЭто супервсратый движ, супервсратыйЛя, чё за всратка? Тут всё на мефеНа столе закладка, а книжек не видноОй, блядь, как я вляпалась в такой прикол!Думала, мы побухать, а тут притонИграет Антихайп — они же додикиСтримят вебкамщицы, курят наркотикиТы куда меня привёл? Это твои друзья?Вот дебил, а я ещё, сука, настолки взялаЁб твою мать, я Бога молюМожешь мне сказать, ты колешь хуйню?Ладно, похуй, погнали, дома с тебя куникИ больше мне не предлагай твоё «выбраться в люди»Это супервсратый движ, супервсратыйЭто супервсратый движ, супервсратыйЭто супервсратый движ, супервсратыйЭто супервсратый движ, супервсратыйЭто супервсратый движ, супервсратыйЭто супервсратый движ, супервсратыйЭто супервсратый движ, супервсратыйЭто супервсратый движ, супервсраты"
